0.9999968882340724,0.7139669626352947,6.208932035178805e-09,0.8156568532184849,0.6286678077655371,-9.544987551635131e-05,0.604088799564451,0.5808547941729004,-0.041950371116399765,0.4648375369343995,0.6283125423596947,-0.08264663070440292,0.3849752233714066,0.7016346712109736,-0.1238686740398407,0.5921391564637964,0.27657170089365474,-0.1302535980939865,0.327343285636437,0.18532398022652663,-0.18036946654319763,0.15063817244858238,0.09699896795976318,-0.20317453145980835,0.0,0.0,-0.2173798829317093,0.6803358207295679,0.346527212269738,-0.15234240889549255,0.38602983821720604,0.6548948216213383,-0.19062182307243347,0.4383983464597211,0.7354355382911323,-0.17314578592777252,0.5087094032342354,0.6931405355322077,-0.16267521679401398,0.7732457935534567,0.5142396525362604,-0.16830618679523468,0.5018915018770876,0.8867111398942205,-0.19094249606132507,0.5700970384740579,0.9079112518668357,-0.15263482928276062,0.6506432009530659,0.8173710688485434,-0.13100364804267883,0.8599421448597361,0.7139519968210498,-0.18498612940311432,0.635722793521569,0.9842104265363527,-0.19613033533096313,0.6815232361785316,0.9999961371584893,-0.16895049810409546,0.7653606650027229,0.926314828765335,-0.15237702429294586
0.9999970662133897,0.8087322266271691,5.059571428489562e-09,0.787053100439728,0.7539555387729715,0.0052735754288733006,0.5766336940026393,0.7025440207499101,-0.03470204770565033,0.4467127044802827,0.7211987177107355,-0.07569748163223267,0.3681047780405586,0.7601349773519254,-0.11601296067237854,0.5633374833137386,0.24743457041725664,-0.11697345227003098,0.3245490036418433,0.142691019501555,-0.16801245510578156,0.15027239665050177,0.07040030548588298,-0.19132491946220398,0.0,0.0,-0.20591942965984344,0.6641031961811021,0.2848232743235776,-0.14546073973178864,0.40006580066461106,0.6647264138386726,-0.18402211368083954,0.47908903696264105,0.7969042545507793,-0.16256003081798553,0.5551977598255625,0.7612689079259503,-0.14859691262245178,0.769721476866565,0.4508860251433292,-0.16915898025035858,0.5291016118700228,0.8753975485856914,-0.1930801272392273,0.6111259209209976,0.9231857461476275,-0.1515464335680008,0.6905892982351773,0.8227345953937537,-0.1274416297674179,0.8678598084198046,0.6582787142917406,-0.1937476098537445,0.6654426797662063,0.9727405567675302,-0.205227330327034,0.7136142516469594,0.999996230592794,-0.17641469836235046,0.7870352639742345,0.9105410834358938,-0.15795475244522095
0.9999970595278594,0.9106791793848154,7.184926431591521e-09,0.7787148764700795,0.7729844296048226,0.02692589908838272,0.5521599971628698,0.6506119251478943,0.003176148049533367,0.38752021451363805,0.6016987141709491,-0.024838944897055626,0.2896330397968332,0.5977196066139362,-0.05294230580329895,0.5171478498764844,0.282718807345462,-0.08475258201360703,0.24051129475535848,0.17517996878419217,-0.11636713147163391,0.09676810260031075,0.09537777198928692,-0.12320481240749359,0.0,0.0,-0.12602628767490387,0.5864586373879791,0.33738484589489454,-0.11678936332464218,0.27477102597344166,0.6353622065438687,-0.13641060888767242,0.3305374479265102,0.7887757358331725,-0.10840705782175064,0.41181450775650735,0.7906373919272549,-0.09048305451869965,0.6600394255218931,0.4996604006014875,-0.14210084080696106,0.3889179592480219,0.8271657924312731,-0.14997804164886475,0.45911226164428515,0.9252545844140946,-0.10663995891809464,0.5392611355363226,0.881557338922247,-0.08170974254608154,0.7280921551395436,0.7050811348110968,-0.1664329469203949,0.5083125257630018,0.9370653448785385,-0.1656821370124817,0.5579626971836824,0.9999965529846145,-0.1341896802186966,0.6362104629711604,0.9557673764004394,-0.11444231122732162
0.9999971102348172,0.8814865035948721,7.892190900804508e-09,0.8078166785661547,0.7181472688540025,0.03225700184702873,0.5701238493949127,0.6181149686529841,0.015091408975422382,0.38914285760701917,0.61426317662213,-0.008328021503984928,0.2838244417946498,0.6529262616712609,-0.032215364277362823,0.5240616508726714,0.24883995324021924,-0.05827231705188751,0.2611069116927691,0.15962034617538204,-0.08437925577163696,0.10691304546150057,0.08205595701563956,-0.09399811923503876,0.0,0.0,-0.1002618744969368,0.5754365256638478,0.32636799647697845,-0.09220356494188309,0.2706672831201861,0.5989383342037842,-0.11011078208684921,0.29615948259102925,0.7275991793917436,-0.09174922108650208,0.356415056245843,0.7294893863382171,-0.08073913305997849,0.627368607942056,0.5050395179818652,-0.11947499960660934,0.3588796874458234,0.8188707984457329,-0.12559454143047333,0.4165559157781335,0.8882917302951322,-0.09115860611200333,0.4980718401406121,0.8382320088773118,-0.07252625375986099,0.680418722306299,0.7235842686101512,-0.14571669697761536,0.4725217668782257,0.9511325174251558,-0.14282086491584778,0.5255813546309653,0.9999963266060206,-0.11551401019096375,0.6115232460990905,0.955375356555095,-0.09940452873706818
0.999997081723024,0.888027406042954,1.279160000144941e-09,0.8643966183375841,0.613957053883874,0.015361400321125984,0.6287296092349215,0.45814303967789577,-0.010995764285326004,0.42271672721899095,0.5121896180731489,-0.04071907699108124,0.26952803129067304,0.6268227229895644,-0.06978698074817657,0.5997288115397837,0.19312111512250352,-0.07762103527784348,0.3254713607888468,0.12842860616325305,-0.11195114254951477,0.1430268669289489,0.0659771903074517,-0.12383060902357101,0.0,0.0,-0.13096210360527039,0.6399278767805668,0.3391215723205957,-0.10632281005382538,0.30686051815726223,0.6501607600509364,-0.1350891888141632,0.3457623175294326,0.7604277657929789,-0.11375344544649124,0.40957569184195153,0.7158514811841914,-0.09745539724826813,0.6765091044239677,0.5570953081558341,-0.13039353489875793,0.377409307991962,0.8635609848513407,-0.14889873564243317,0.4613962276128713,0.8992637675218894,-0.11009041219949722,0.5620108672898684,0.8044997192624194,-0.08472239971160889,0.7138421131191445,0.7914788888197137,-0.15478385984897614,0.483444355150551,0.9890035871877578,-0.15944351255893707,0.5549926206732434,0.9999961886160089,-0.12982122600078583,0.6538203453236572,0.9119685958858422,-0.10963353514671326
0.9999965574038834,0.8529062300583313,-3.0079549961925522e-09,0.8432503637820441,0.5614041998241188,0.019243955612182617,0.5827047801784583,0.40062742708474436,0.0016059627523645759,0.3554325461759267,0.43286334531058623,-0.019589878618717194,0.2114878354658753,0.5346039003170786,-0.038955047726631165,0.5098499849359216,0.12146893793252522,-0.05264754220843315,0.24553292240373428,0.10867495939893138,-0.07440292090177536,0.09568537522256869,0.06794365478144168,-0.07637498527765274,0.0,0.0,-0.07642214745283127,0.5498231472952876,0.2883164121838425,-0.0788835734128952,0.2064952427666477,0.6129625241790008,-0.09602794796228409,0.28180683437545995,0.7152725642915081,-0.07115145772695541,0.3778845419000681,0.6459231753703897,-0.05205411836504936,0.5957219227395367,0.5302535588886219,-0.10130248218774796,0.2946793146598973,0.8238194867233448,-0.11296248435974121,0.3868505251310389,0.8666217346188511,-0.07677286118268967,0.4866463609574022,0.7781134478777149,-0.05239265412092209,0.6505435905238423,0.7884749669909072,-0.12327300757169724,0.4021001862309196,0.9797753153677307,-0.12470262497663498,0.4832928636706702,0.9999959239016073,-0.0972520112991333,0.5889541905293553,0.9226594091868715,-0.07792065292596817
0.999997278846642,0.8848830544032948,5.385752288589174e-09,0.8443182344441299,0.6243247065693663,0.039618514478206635,0.6206428596426068,0.46829569016404876,0.030634161084890366,0.431946919985283,0.4662733447086453,0.013236009515821934,0.31359003189740975,0.5319668906989238,-0.003798247082158923,0.5350117296937227,0.17875464730887286,-0.02827436290681362,0.287832669009471,0.14422392110142981,-0.04422321915626526,0.12923746874404593,0.07774818798831012,-0.04851103946566582,0.0,0.0,-0.05226292461156845,0.555408358106116,0.31093777809347245,-0.06400271505117416,0.28409427381025626,0.6496494755908518,-0.07140807062387466,0.3687945759554051,0.744057123846582,-0.0468226820230484,0.4519155200697346,0.6957511171168717,-0.031012343242764473,0.592409371529764,0.5216393802006909,-0.09459970146417618,0.38261572257807364,0.8590462060423953,-0.09496337920427322,0.48112833180671977,0.8850025251536568,-0.059750307351350784,0.5659280584933722,0.8023517077501285,-0.04017191752791405,0.6375641705169908,0.75055983887308,-0.12406472116708755,0.4914853522345499,0.9842625904802502,-0.1154581755399704,0.5718693641700799,0.9999963688648832,-0.08810646831989288,0.6467535608073249,0.929676577785858,-0.07190237194299698
0.9999972523738873,0.8548507539662421,5.658102875116811e-10,0.8618781243689945,0.587700865142055,0.02886022999882698,0.638786596092947,0.3963923408309394,0.017371416091918945,0.45548952322019165,0.33181084419174484,0.0020424798130989075,0.3334262856957162,0.3503054397657681,-0.013798307627439499,0.5540917062530929,0.1885662547412213,-0.047186050564050674,0.29796898505910135,0.14847314149972796,-0.0614653006196022,0.133149652332195,0.08405202989271761,-0.06652447581291199,0.0,0.0,-0.0710870772600174,0.5754047366567715,0.33862710323275425,-0.07171011716127396,0.31954110162525706,0.5994186165587951,-0.0738293007016182,0.3750950214950073,0.6924603847456638,-0.05100485682487488,0.4393610820634295,0.6728638496563987,-0.03838619962334633,0.6060680425455268,0.565873825010427,-0.08986867964267731,0.39431022370762914,0.8079799579529183,-0.0828932374715805,0.4591619303677192,0.8477684444600802,-0.04953152313828468,0.5296381159285902,0.8089776996106498,-0.033478979021310806,0.6376942416658149,0.8083615275719709,-0.10701223462820053,0.4705175032715394,0.9685964477521759,-0.09553620219230652,0.5170892236044855,0.9999964825956497,-0.07011434435844421,0.5741170030944718,0.975662613928301,-0.0563650019466877
0.9999965748710286,0.9834585541821492,-2.758870076835507e-10,0.8777253116645716,0.6740403601500391,0.03611096739768982,0.6521388549160292,0.46680929213470673,0.0429413877427578,0.4363847415649431,0.416179932761313,0.04362588748335838,0.2939681119225882,0.4718876127096122,0.04319249466061592,0.5831225882898693,0.24704692708982048,-0.0028968467377126217,0.3146452984751847,0.1261790512476787,-0.004343673586845398,0.13442937540408917,0.05567640094119949,-0.0027668848633766174,0.0,0.0,-0.002656852826476097,0.5598073800125325,0.3959194772292373,-0.025287965312600136,0.26665261601506013,0.45741029804575634,-0.025066537782549858,0.1964000462519725,0.5958731946223776,-0.014041733928024769,0.17432808233381594,0.6928184224419357,-0.006944361142814159,0.5393313868284606,0.6163989424739289,-0.04223309084773064,0.2822942010154664,0.6708012451925988,-0.038031235337257385,0.23766898107738102,0.782079672547005,-0.022481199353933334,0.24164415781530596,0.8534592935340215,-0.013926670886576176,0.5255423936318855,0.8653939724651913,-0.05709132179617882,0.3164063784297606,0.8820323189751164,-0.050616905093193054,0.2690652011317911,0.9499249099113835,-0.038168374449014664,0.26185025994591327,0.9999961127803084,-0.030676744878292084
0.999997033437423,0.8220686748153981,4.698241351519528e-09,0.7814209281838513,0.7857174967075741,0.005720746703445911,0.5698283647158564,0.7010096723732984,-0.030434302985668182,0.4492151097134687,0.6519169615053241,-0.06779703497886658,0.37845721717748093,0.654210271109307,-0.10416990518569946,0.5514570259530297,0.27559691172291906,-0.10293581336736679,0.30879137057307243,0.1750457554732538,-0.14858762919902802,0.1397277720441048,0.08681996226073765,-0.16906626522541046,0.0,0.0,-0.18218475580215454,0.6640990175743419,0.2782424995887484,-0.13092517852783203,0.38644740039577785,0.6682276638351881,-0.16309496760368347,0.45555626113806286,0.8357773317478225,-0.13901153206825256,0.5373635154322199,0.8305857129162507,-0.12364853173494339,0.7774909066690716,0.42258840797714087,-0.15540370345115662,0.5236209944150022,0.8536409029126705,-0.17672738432884216,0.6014204259945908,0.9244429257717122,-0.13595911860466003,0.6861653828644048,0.8363790492758211,-0.11210448294878006,0.8787539423585643,0.6174481746314534,-0.1809232234954834,0.6657674996679916,0.9494590584902858,-0.19229429960250854,0.7097757483284556,0.9999963290382043,-0.1647539883852005,0.7854607554828783,0.9203573731597887,-0.14685170352458954
0.9999962641324988,0.9033362139747064,3.698732986556763e-10,0.8380098477359595,0.5010593605947652,0.04296444356441498,0.5869177811936876,0.2815188791929913,0.05376746132969856,0.3766744515161924,0.2364769533331365,0.05840563029050827,0.21307030084259213,0.31922493467517943,0.0619434155523777,0.5180325847984137,0.0398523943033154,-0.006544910836964846,0.2293858134850424,0.0,-0.00687433872371912,0.08185779976939953,0.19806531760681448,0.0027314808685332537,0.0,0.3604859433946142,0.009262333624064922,0.5103585343661557,0.22400183632386197,-0.03243063762784004,0.20528068205661146,0.23279246867533837,-0.03610561415553093,0.08209773214153074,0.4511318405410899,-0.024295249953866005,0.03462129492954909,0.6312861771017297,-0.0157618410885334,0.5172429790521703,0.5012114884056339,-0.05143493413925171,0.2278665015824426,0.5085279449831688,-0.051652733236551285,0.13004618480207403,0.6951235258203203,-0.035684261471033096,0.10343178384375573,0.8555155686238578,-0.025618799030780792,0.5363645314045152,0.8272159766940478,-0.06675935536623001,0.3093873939931094,0.7940298357933617,-0.06685136258602142,0.20621558327646566,0.8925049047962625,-0.056227635592222214,0.15311242575980594,0.9999946604997018,-0.04845327138900757
0.9999969924288831,0.7546155132402457,-3.46437967202462e-09,0.8377114263421613,0.542226324049288,0.040633730590343475,0.6244763576759057,0.40005215682110445,0.035100679844617844,0.4448199929277687,0.3918236064170299,0.018092989921569824,0.321696256031719,0.4435423654468668,0.00021192383428569883,0.5395324351607528,0.19172703200472446,-0.00964053813368082,0.28234494351612305,0.1308974179106935,-0.027337897568941116,0.123345398325821,0.06243495466956838,-0.03897599130868912,0.0,0.0,-0.04798857495188713,0.5566418651488105,0.2632794695677116,-0.046395193785429,0.26870088926515323,0.5542349463878289,-0.059146493673324585,0.21504143453531385,0.746490397140738,-0.052524253726005554,0.20575415226853086,0.8524844496913432,-0.049983758479356766,0.5784732303498819,0.4161449278652068,-0.07863027602434158,0.34882203988775656,0.7527599219006498,-0.08192908763885498,0.4120481617111469,0.8640781297517581,-0.05891760066151619,0.49003596672518296,0.8862088532195289,-0.04675408825278282,0.6043251556374156,0.6142390944784245,-0.11048182845115662,0.4036879494678676,0.8787077572836887,-0.1077280342578888,0.41550717353334854,0.9758058571116268,-0.08977103233337402,0.45184871283815153,0.9999966304084088,-0.07908177375793457
0.9999973421923783,0.7876504772948952,1.7625628734307952e-10,0.8117824064899495,0.6792974458429963,0.041243553161621094,0.5999488205818456,0.5536434033630568,0.026076870039105415,0.44248980599374044,0.5022356320625158,-0.003087452845647931,0.32815255892973333,0.4780222533256295,-0.0326894074678421,0.5512436219552732,0.24123126569265851,-0.02026505395770073,0.2831687500046285,0.1452666100272879,-0.049283288419246674,0.12537349389247726,0.0677381495997875,-0.06820520758628845,0.0,0.0,-0.08334524184465408,0.5899932199518584,0.26517240113674495,-0.06693800538778305,0.32992731218951543,0.6564414661364832,-0.09862314909696579,0.2834989716568659,0.883386689695385,-0.09611348807811737,0.2670567215265958,0.9999966291627101,-0.09437151253223419,0.6412986071555472,0.39251334744424715,-0.10866689682006836,0.4531355532430476,0.8278791955981052,-0.12675116956233978,0.5363453105262292,0.9252534888592572,-0.10047047585248947,0.6108037583765016,0.8984918727182525,-0.0847669169306755,0.6958263683713066,0.5691849793246411,-0.15026061236858368,0.5519695709700864,0.9185484680715698,-0.15355825424194336,0.6247346922476718,0.9799587191424043,-0.13057248294353485,0.6967548543889432,0.9294743649442307,-0.11621454358100891
0.9999969970049788,0.9241891566377988,1.7472474578283936e-09,0.7996494930842891,0.7885545833593446,0.03316028043627739,0.5708969610639004,0.6167101799998799,0.022222252562642097,0.400711833131821,0.5465148383021651,-0.0001926705299410969,0.28432798778550666,0.5192249721178828,-0.022902682423591614,0.5299511848341573,0.20134469614713352,-0.014108221977949142,0.2581870352049393,0.13657146353200014,-0.03710286691784859,0.10905401496081313,0.06358073212065957,-0.051927316933870316,0.0,0.0,-0.06293701380491257,0.564995669433889,0.23213507975223907,-0.0514347106218338,0.2871950888737707,0.6392747296922262,-0.07129035145044327,0.26191410552647626,0.85101725220696,-0.06851563602685928,0.26911577731669734,0.9408228078413691,-0.06774386763572693,0.6113737770706913,0.3619621605730897,-0.08548986911773682,0.40465745323664987,0.8479207564078933,-0.09638453274965286,0.4783030919438143,0.966716542003192,-0.07754765450954437,0.5531510229477618,0.9572369676424034,-0.06721097230911255,0.6597828225585353,0.5423556151427189,-0.11949971318244934,0.5050199527371104,0.9097281924821157,-0.12032854557037354,0.5597346338029238,0.9999961155541451,-0.10373549163341522,0.6275930885679135,0.9776607815669787,-0.09382449835538864
0.9999969970049788,0.9241891566377988,1.7472474578283936e-09,0.7996494930842891,0.7885545833593446,0.03316028043627739,0.5708969610639004,0.6167101799998799,0.022222252562642097,0.400711833131821,0.5465148383021651,-0.0001926705299410969,0.28432798778550666,0.5192249721178828,-0.022902682423591614,0.5299511848341573,0.20134469614713352,-0.014108221977949142,0.2581870352049393,0.13657146353200014,-0.03710286691784859,0.10905401496081313,0.06358073212065957,-0.051927316933870316,0.0,0.0,-0.06293701380491257,0.564995669433889,0.23213507975223907,-0.0514347106218338,0.2871950888737707,0.6392747296922262,-0.07129035145044327,0.26191410552647626,0.85101725220696,-0.06851563602685928,0.26911577731669734,0.9408228078413691,-0.06774386763572693,0.6113737770706913,0.3619621605730897,-0.08548986911773682,0.40465745323664987,0.8479207564078933,-0.09638453274965286,0.4783030919438143,0.966716542003192,-0.07754765450954437,0.5531510229477618,0.9572369676424034,-0.06721097230911255,0.6597828225585353,0.5423556151427189,-0.11949971318244934,0.5050199527371104,0.9097281924821157,-0.12032854557037354,0.5597346338029238,0.9999961155541451,-0.10373549163341522,0.6275930885679135,0.9776607815669787,-0.09382449835538864
0.999997003988202,0.8679386738247494,3.932248748839129e-09,0.7795510904169773,0.8217222992071183,0.005555121228098869,0.5723141026103244,0.7199134102943406,-0.029147634282708168,0.4530839399162214,0.6656115190171451,-0.06522129476070404,0.39070333795413315,0.6705352524628119,-0.10052721202373505,0.5472395014002528,0.281723019837388,-0.10166196525096893,0.3116056804058609,0.17066599239944064,-0.14875860512256622,0.14078377659479682,0.08149318270215443,-0.1710256189107895,0.0,0.0,-0.18532323837280273,0.6560881356046929,0.2772750350615791,-0.13024602830410004,0.38703966824580044,0.6514878409171398,-0.1640673279762268,0.4404919949881816,0.8370134627743724,-0.14255349338054657,0.5084020309943728,0.8552378202782782,-0.12921465933322906,0.768009709385122,0.41667646965960553,-0.15582412481307983,0.5251080148549808,0.84725355496202,-0.1790626347064972,0.5925862535637091,0.9286163047110071,-0.14184875786304474,0.6678691659224023,0.8486096155293565,-0.12027881294488907,0.8696481501725393,0.6073550774581568,-0.18249553442001343,0.667652195816357,0.9429639295594167,-0.19593191146850586,0.7059625092238456,0.9999962910138496,-0.1713675856590271,0.773669146916633,0.9226493287128034,-0.15537822246551514
0.9999963065278481,0.8456104132289453,-2.040784652379557e-09,0.7518995295900348,0.710995223995387,0.026274586096405983,0.48518218642950595,0.5897817328844323,0.010401520878076553,0.29303098458426574,0.5847013778303908,-0.01417582854628563,0.1589589231001836,0.6231151579330559,-0.03741919994354248,0.44694158163001463,0.20283664464871318,-0.02696004882454872,0.21097628564877552,0.14776681679564077,-0.05338232219219208,0.0858227537399167,0.07299645470142242,-0.06665369868278503,0.0,0.0,-0.07485490292310715,0.5102012469770201,0.24688363187794474,-0.0600830614566803,0.19696496010380463,0.6610845724563634,-0.08209278434515,0.16190637587823128,0.86759529300701,-0.07375422865152359,0.169260643160112,0.959153970564774,-0.06835560500621796,0.5888729301273022,0.39546857167403604,-0.09079419076442719,0.3232350831535872,0.8659619890127033,-0.10388719290494919,0.3947558057882826,0.9552494374796151,-0.07881473749876022,0.4677289554837518,0.9329098007397129,-0.0632220208644867,0.6667394216178981,0.5888893242174739,-0.1215716302394867,0.45763681641084225,0.9453785150210775,-0.12371190637350082,0.5094584673024386,0.9999958867766577,-0.10321390628814697,0.5776108140002839,0.9529269684405777,-0.08995500952005386
0.9999967967895541,0.8805288105300361,1.8050424488436079e-09,0.7662232954040511,0.8612550710158253,0.026688873767852783,0.5318176373015713,0.7985250535708185,0.012969568371772766,0.37174117981860044,0.8307897002495179,-0.008605387061834335,0.2762457074380602,0.8827184340110764,-0.029848093166947365,0.45964523473501573,0.28371551911215337,-0.027211468666791916,0.22921007831971532,0.2158094253683599,-0.04912886023521423,0.10147967291820453,0.11645039776884931,-0.05930998548865318,0.0,0.0,-0.06581811606884003,0.512431943475462,0.29704637010605134,-0.05778362601995468,0.24520349051825385,0.7382350523759753,-0.06776543706655502,0.3325397308540925,0.8556344912697538,-0.050152383744716644,0.41544858305644367,0.7945859325600589,-0.03957344964146614,0.5810981769237561,0.4221445736868374,-0.08623746037483215,0.36592270324056647,0.8949512839459663,-0.09224393218755722,0.46805076160451353,0.9511590825476938,-0.06586743146181107,0.5507634371150213,0.8705817639160746,-0.05109682306647301,0.6501842571315284,0.5983760574769219,-0.11455114930868149,0.4717676178073971,0.9494401024184073,-0.11560388654470444,0.5292410879522499,0.9999958033031244,-0.09710178524255753,0.5933357839703736,0.9429640348897164,-0.08565083891153336
0.9999972911875845,0.8660839900880898,4.435427136684211e-09,0.7944655459548787,0.9652015467147723,0.009342916309833527,0.6004027134855716,0.9308436323494479,-0.015074370428919792,0.4671975244134898,0.9430542196204817,-0.04347063601016998,0.3721752486998515,0.9485967077309891,-0.07260473072528839,0.5249036729775901,0.3111614732041396,-0.05784044414758682,0.2838988414027711,0.19579049256919573,-0.08920254558324814,0.12592562189170958,0.10355790146807052,-0.10715336352586746,0.0,0.0,-0.1207926869392395,0.5813485939230136,0.27406571124099555,-0.08429119735956192,0.3603051940279074,0.7599901241117331,-0.10207215696573257,0.46198041919317373,0.914107975530599,-0.08413437008857727,0.5511624433004902,0.8528859508053586,-0.07434197515249252,0.653333828290655,0.37375546050504743,-0.10955912619829178,0.48951446396350645,0.9089030624222624,-0.12616556882858276,0.5878696323505799,0.9807574360661417,-0.10242553055286407,0.6593332772895409,0.8682525333908047,-0.09019840508699417,0.725492549066319,0.5313872209839428,-0.13574321568012238,0.6090849453189883,0.9399633323546165,-0.14869141578674316,0.6883031662911857,0.9999959618048287,-0.13441233336925507,0.7566542277272532,0.9086135061102399,-0.12551496922969818
0.0,0.9881655578199726,7.037927574060632e-09,0.33800678166986337,0.9999971328987101,-0.009251999668776989,0.6223665312251067,0.886923852988224,-0.0467916876077652,0.8356887527328783,0.7959407427225709,-0.08989118039608002,0.9999950688659512,0.7255378809415088,-0.1317693144083023,0.4642361774328198,0.3736898504911721,-0.05106025189161301,0.723071677630453,0.15421006553781064,-0.09488824754953384,0.8455401658325712,0.05827119937762488,-0.12550979852676392,0.9136354962823341,0.0,-0.14834310114383698,0.3008357915757678,0.35741267651451936,-0.07638877630233765,0.8362536640770303,0.5499169009375955,-0.1263459026813507,0.7802422046429359,0.7542220252259787,-0.13891498744487762,0.6311253023259001,0.830348334976962,-0.14266875386238098,0.18181959651650675,0.4390870130288156,-0.10181944072246552,0.6914633889408411,0.6943664809808758,-0.13830578327178955,0.5918820398946856,0.8464103552282178,-0.1289546936750412,0.4417387741989931,0.8631516733813424,-0.1215558797121048,0.09068612628484049,0.5728544413110866,-0.13078337907791138,0.4802027852248057,0.7869928940451125,-0.14701679348945618,0.44569447624127595,0.9262399066228478,-0.13651157915592194,0.34015099055822123,0.9555045729130154,-0.1293381303548813
0.999997184921187,0.8347569522310262,3.3160771906182163e-09,0.7964734831022867,0.9999958924070582,-0.0020627209451049566,0.6042738802286519,0.9868250530914477,-0.02692931704223156,0.4733504903974309,0.9725775667349063,-0.053949229419231415,0.3724321287291585,0.9428698206011865,-0.08121147006750107,0.5179768936302495,0.2670409063402673,-0.04823336750268936,0.29125967065966235,0.18255967541973311,-0.08023158460855484,0.1299861049891245,0.10726342507089709,-0.10231967270374298,0.0,0.0,-0.11950669437646866,0.5816450622878632,0.20268630342354532,-0.06948938965797424,0.3499738711252819,0.6452151687241375,-0.09169475734233856,0.4524189701330166,0.8294241523397162,-0.08319361507892609,0.5399041741695334,0.7622199542190387,-0.07871811091899872,0.6498045972202388,0.28675272837498406,-0.09202355146408081,0.47182006163897,0.7985368074696223,-0.11395249515771866,0.5745749042590409,0.9170167034640365,-0.09964604675769806,0.6494526539770777,0.8029131726445261,-0.09233645349740982,0.7138219405567645,0.44182338299281676,-0.11637537181377411,0.5934617139817816,0.8683534813720515,-0.13298475742340088,0.6798925984147693,0.9672975280573133,-0.1256113350391388,0.7529927620932123,0.8693097936726486,-0.12128064781427383
0.9999971633894748,0.8517782128979543,1.3772541995749066e-09,0.7807491151981593,0.9999958605394819,0.003320505144074559,0.584908677910609,0.9629734928273027,-0.02134302631020546,0.4463336600884311,0.9579246348652409,-0.0502934493124485,0.3228845290117341,0.9543216209953299,-0.0797925591468811,0.523862568731494,0.27312987993300936,-0.043898314237594604,0.2942657679799729,0.18509271690268034,-0.07750140875577927,0.13061732621326017,0.10102169420004785,-0.100459523499012,0.0,0.0,-0.11792821437120438,0.590323986297598,0.2111483201662344,-0.06960590183734894,0.3621567160469353,0.6662896159874487,-0.09452041238546371,0.46151398903631013,0.8677338179749525,-0.086306132376194,0.5518274315714078,0.8303665202216767,-0.08130133152008057,0.6616209535176996,0.29615716768017497,-0.09647133201360703,0.48236222466429257,0.8146280384895749,-0.12129964679479599,0.5843275665763157,0.9399091954190752,-0.10529322177171707,0.6632011299885479,0.8395801987085689,-0.0961344763636589,0.7296070909012774,0.4540166339043122,-0.1249430775642395,0.5979229004112087,0.8688864221859565,-0.14343401789665222,0.682737257816186,0.9640646610009439,-0.1342838704586029,0.7582802095978554,0.8716148977649751,-0.12815316021442413
0.9999972406088881,0.8615535649354711,1.923052384000812e-09,0.7910472304608153,0.999995782165521,0.004451358690857887,0.6080706395445574,0.9781954121370311,-0.02166159078478813,0.4863149994733921,0.975898598660928,-0.0527614951133728,0.38434203271675144,0.9606452532104458,-0.08444343507289886,0.5309947838028682,0.25462783169783604,-0.04515243321657181,0.3021149796648451,0.1610474524450266,-0.07986244559288025,0.135360396325508,0.08816887703340388,-0.10420713573694229,0.0,0.0,-0.12280356884002686,0.5980522067420351,0.18226123753009288,-0.07312750816345215,0.3771991553405028,0.6774439531847478,-0.09829753637313843,0.4743502810222976,0.8853840103601445,-0.09018450230360031,0.5621449758228529,0.8501366220293556,-0.08565733581781387,0.6682406931782119,0.2687466603998195,-0.10200436413288116,0.49495835971370655,0.8216617663422556,-0.12603700160980225,0.5950227050304642,0.9468859929710495,-0.10884438455104828,0.6737551280643678,0.8406442911598323,-0.09966176748275757,0.7356566662262972,0.43203398364884577,-0.1326005607843399,0.6008431410531535,0.8721426393239852,-0.15060260891914368,0.6814831986917779,0.9716503987792302,-0.14022944867610931,0.7571894094646511,0.8792700266329017,-0.1336221843957901
0.9999973722323262,0.8650681267426522,2.398025555905292e-09,0.7953119891010662,0.9999956460745933,0.01877937652170658,0.612507811615899,0.9774747462592451,-0.0016002325573936105,0.4897277035535877,0.9892394322133029,-0.029899274930357933,0.3915924873536168,0.991381072961003,-0.05894561856985092,0.5304958734518374,0.22577402539588476,-0.030381396412849426,0.301152755031219,0.15308066578719645,-0.06037244200706482,0.13678774475132557,0.0870041391556798,-0.08064962923526764,0.0,0.0,-0.09699974209070206,0.5908830046286894,0.17439054269443893,-0.06524905562400818,0.3757313248678854,0.716605775253677,-0.0840555727481842,0.4901978982841728,0.9110424905692722,-0.07080472260713577,0.5757596343742776,0.8405200319317683,-0.06339988112449646,0.6566133146993395,0.28355070473226285,-0.10044185072183609,0.49227477440927575,0.8572252190350947,-0.11930331587791443,0.6044308622931759,0.9641481742294488,-0.09831655025482178,0.6783440799594473,0.8266408244615323,-0.08757149428129196,0.7159792368011032,0.4713919321117648,-0.13635240495204926,0.5849426063785553,0.9004968724628147,-0.15085072815418243,0.6619622887980114,0.9905773575540806,-0.13852211833000183,0.7253428782330058,0.8876462494340825,-0.13120420277118683
0.9999971505647914,0.8901163687075041,2.9411715285476703e-09,0.7685666145555303,0.989900270405859,0.01713099703192711,0.571474328420866,0.9136123191930083,-0.003139524720609188,0.4400519569868619,0.8813102371837619,-0.031507764011621475,0.3361441908860093,0.850157290499321,-0.060683585703372955,0.5132495012608086,0.2617397221169145,-0.031160948798060417,0.28928927396880366,0.16562020282837034,-0.06002361699938774,0.13125244694079372,0.08398374667836243,-0.0807894691824913,0.0,0.0,-0.09661919623613358,0.5767013960523415,0.22040353034307666,-0.06286318600177765,0.3614530047593202,0.688771610981206,-0.08323072642087936,0.4173020310465397,0.9027516493251202,-0.07670200616121292,0.47852418699837906,0.9322957284355047,-0.07418444752693176,0.6506087848234128,0.3146501387266437,-0.09369410574436188,0.48901594172684343,0.8620428859594218,-0.11089488863945007,0.5762120882413078,0.987359699638475,-0.09414634108543396,0.6492860742255887,0.9392079870344088,-0.08579175174236298,0.7252191395888848,0.48129559264442956,-0.12530072033405304,0.5949415717995433,0.8994430353579824,-0.13728752732276917,0.6593086471324701,0.9999956312504968,-0.12578433752059937,0.724489338941883,0.9570576026421833,-0.11885818839073181
0.9999971505647914,0.8901163687075041,2.9411715285476703e-09,0.7685666145555303,0.989900270405859,0.01713099703192711,0.571474328420866,0.9136123191930083,-0.003139524720609188,0.4400519569868619,0.8813102371837619,-0.031507764011621475,0.3361441908860093,0.850157290499321,-0.060683585703372955,0.5132495012608086,0.2617397221169145,-0.031160948798060417,0.28928927396880366,0.16562020282837034,-0.06002361699938774,0.13125244694079372,0.08398374667836243,-0.0807894691824913,0.0,0.0,-0.09661919623613358,0.5767013960523415,0.22040353034307666,-0.06286318600177765,0.3614530047593202,0.688771610981206,-0.08323072642087936,0.4173020310465397,0.9027516493251202,-0.07670200616121292,0.47852418699837906,0.9322957284355047,-0.07418444752693176,0.6506087848234128,0.3146501387266437,-0.09369410574436188,0.48901594172684343,0.8620428859594218,-0.11089488863945007,0.5762120882413078,0.987359699638475,-0.09414634108543396,0.6492860742255887,0.9392079870344088,-0.08579175174236298,0.7252191395888848,0.48129559264442956,-0.12530072033405304,0.5949415717995433,0.8994430353579824,-0.13728752732276917,0.6593086471324701,0.9999956312504968,-0.12578433752059937,0.724489338941883,0.9570576026421833,-0.11885818839073181
0.999997003988202,0.8679386738247494,3.932248748839129e-09,0.7795510904169773,0.8217222992071183,0.005555121228098869,0.5723141026103244,0.7199134102943406,-0.029147634282708168,0.4530839399162214,0.6656115190171451,-0.06522129476070404,0.39070333795413315,0.6705352524628119,-0.10052721202373505,0.5472395014002528,0.281723019837388,-0.10166196525096893,0.3116056804058609,0.17066599239944064,-0.14875860512256622,0.14078377659479682,0.08149318270215443,-0.1710256189107895,0.0,0.0,-0.18532323837280273,0.6560881356046929,0.2772750350615791,-0.13024602830410004,0.38703966824580044,0.6514878409171398,-0.1640673279762268,0.4404919949881816,0.8370134627743724,-0.14255349338054657,0.5084020309943728,0.8552378202782782,-0.12921465933322906,0.768009709385122,0.41667646965960553,-0.15582412481307983,0.5251080148549808,0.84725355496202,-0.1790626347064972,0.5925862535637091,0.9286163047110071,-0.14184875786304474,0.6678691659224023,0.8486096155293565,-0.12027881294488907,0.8696481501725393,0.6073550774581568,-0.18249553442001343,0.667652195816357,0.9429639295594167,-0.19593191146850586,0.7059625092238456,0.9999962910138496,-0.1713675856590271,0.773669146916633,0.9226493287128034,-0.15537822246551514
0.9999968715553529,0.7932440861642119,1.3840973922540911e-09,0.7760531298945478,0.8309854023250473,0.014793486334383488,0.5513936237840167,0.8078801550585989,-0.007278991397470236,0.4049809614725893,0.8537253737102737,-0.03427119180560112,0.3241354740962083,0.9010674966917019,-0.06003186106681824,0.4632644383040168,0.20411142487672873,-0.050967901945114136,0.2349908671466286,0.12531863129466225,-0.08115968108177185,0.09709931674326988,0.06462994134146599,-0.09421082586050034,0.0,0.0,-0.10238512605428696,0.5280668072235493,0.21452138372307944,-0.07924863696098328,0.2955026584691917,0.7609225542557452,-0.10120128095149994,0.37205318620755384,0.9029337145874367,-0.08515191823244095,0.4477492159412608,0.8369956306787131,-0.07411303371191025,0.6180336528968664,0.351668614404262,-0.10553997755050659,0.44670694281588824,0.9378821642002848,-0.12235765159130096,0.5447587474604736,0.981954435474164,-0.09558293223381042,0.6148198453441701,0.8504805556482321,-0.07888426631689072,0.7121985871305334,0.5324581029324615,-0.13219837844371796,0.5830531244874239,0.9707186355050506,-0.14024050533771515,0.6601770469588606,0.9999954839260435,-0.1211479976773262,0.7289297792670715,0.8797004727141194,-0.10825185477733612
0.9999967551991721,0.7787975374914907,-2.2377355524128006e-09,0.7382672992191347,0.8404481403120431,0.01656973548233509,0.5032453608118946,0.786097384683263,-0.004639693535864353,0.35525141111219793,0.7730217157642845,-0.030570855364203453,0.26240695439816386,0.7887997575179709,-0.0554436519742012,0.45053083930331245,0.11952975574376147,-0.05413658171892166,0.2523721255587421,0.08215990122671016,-0.08541059494018555,0.1134313766022065,0.042982509095885815,-0.09720437228679657,0.0,0.0,-0.1037784218788147,0.5326064944411877,0.12094554453886447,-0.08302068710327148,0.270645532435887,0.7208005498312674,-0.10077233612537384,0.35766481790939797,0.8791222983780248,-0.0786883756518364,0.44247415885686764,0.8216597015865412,-0.06472054123878479,0.6369584638955355,0.2795899358179227,-0.11052374541759491,0.4250694314387622,0.9182079920480899,-0.1247556284070015,0.5265089119754487,0.9710797592985062,-0.09321015328168869,0.6045996463576634,0.8527503526489659,-0.07408642023801804,0.7427846644923808,0.5044460792804802,-0.13823863863945007,0.5565478341306693,0.9564239531354313,-0.14974471926689148,0.5977851108128508,0.9999950452660772,-0.13117671012878418,0.6486466170933227,0.9088963898975689,-0.11775434017181396
0.9999966588008514,0.76481895694805,-1.363536950016453e-09,0.7748150430318257,0.6359522503592403,0.013528955169022083,0.5339619372607054,0.5205090045343345,-0.008001782931387424,0.3751726805447956,0.5162249181559495,-0.03372085839509964,0.28347440454923806,0.5842207541092211,-0.05843158811330795,0.47802400934259087,0.07488244213898754,-0.056412212550640106,0.25325911701675,0.1097106122882858,-0.0889350175857544,0.113204790381688,0.05957242891700534,-0.10299460589885712,0.0,0.0,-0.11138856410980225,0.5470035388857496,0.11672967317524112,-0.08336418867111206,0.2845495211600068,0.7048978147022498,-0.10441794246435165,0.3719526082136814,0.8269501496400621,-0.08653976768255234,0.4484199161934407,0.7554228310643839,-0.07557443529367447,0.6385976589143845,0.29250329139232967,-0.10860700160264969,0.42174523450786416,0.894377453824184,-0.12445749342441559,0.5152908350716333,0.9179383714872014,-0.09595504403114319,0.5847848711932715,0.7935674118127997,-0.07936064153909683,0.7359355921743772,0.5177468864531696,-0.1343390941619873,0.5610745519697293,0.97830449033291,-0.14315783977508545,0.6155777961675553,0.9999950230209789,-0.12410279363393784,0.6732392763146035,0.8990393253358911,-0.11156318336725235
0.9999969367793378,0.8922991377042527,1.3600737203134372e-09,0.7335920090780883,0.9928388527203963,0.012629768811166286,0.5113735207513473,0.944162827525785,-0.007997529581189156,0.36312473336582946,0.9299651233514062,-0.034972622990608215,0.2585327144522466,0.9272896504280925,-0.06067986786365509,0.44482797639076604,0.2213760094922103,-0.030381599441170692,0.22563085796950097,0.1462933094538366,-0.05779286473989487,0.08883207293032419,0.07723186938187436,-0.07650502771139145,0.0,0.0,-0.0899781733751297,0.5108153670287803,0.18388480290200124,-0.057725608348846436,0.27672273795284463,0.6081983832410303,-0.07791450619697571,0.3329016313288289,0.7872762415570328,-0.07513633370399475,0.410646036247923,0.7878395598941075,-0.07473137229681015,0.5930625223662871,0.28716522935113215,-0.08420004695653915,0.4282983552300519,0.8141637612318464,-0.10046713054180145,0.5109830687606016,0.9388056354388695,-0.08796247839927673,0.581074450337118,0.8894638072980154,-0.08181583881378174,0.6807755491187855,0.46335501123179973,-0.11137066781520844,0.5540401460641455,0.8951888335352178,-0.1196005567908287,0.6185896107479311,0.999996118721389,-0.10929602384567261,0.6851045725934551,0.9607267000581103,-0.10370826721191406
0.9999967807317055,0.8254974788980461,2.8239655058825974e-09,0.7780787054290486,0.7492128536947766,0.0229515191167593,0.5373750589501228,0.6412573133174522,0.007029314991086721,0.3599443692199648,0.6088463363684726,-0.015803441405296326,0.24011964952409404,0.5908823596107389,-0.03809081017971039,0.48551580315938847,0.14151156742032633,-0.03528258204460144,0.24681388371604804,0.1142116259204221,-0.05975012853741646,0.10281147901846927,0.0633651353025341,-0.07207939028739929,0.0,0.0,-0.0804658979177475,0.5417027958711917,0.18169215723025955,-0.0653010830283165,0.2907604460859206,0.5998402662033678,-0.08282126486301422,0.32259456430373357,0.7891000600229082,-0.07291250675916672,0.37390023664952327,0.8268880078453322,-0.06759081035852432,0.6139115680264176,0.33675374304045375,-0.0923827737569809,0.43493237971715926,0.8408145307211133,-0.1030937135219574,0.5088211864832043,0.9376593046049267,-0.08111929148435593,0.5784412604561946,0.8982793694514198,-0.06892596185207367,0.6903246961130763,0.5460477704023746,-0.11923802644014359,0.5490297653871338,0.9256984251628234,-0.12231189757585526,0.6071853852578315,0.9999956556416195,-0.10517779737710953,0.674505449538333,0.9594142206155971,-0.09467461705207825
0.9999970642922708,0.7743571884167131,6.601287960705804e-09,0.7663002744229991,0.7675491888488859,0.02217026613652706,0.5534961384463223,0.7190387455964002,0.003954981919378042,0.3987943646312075,0.7641645861178211,-0.021400215104222298,0.29596498787857506,0.8162945926283334,-0.04670961946249008,0.5149710043728043,0.23790765905448763,-0.04035681113600731,0.27804186290066357,0.1589989841367323,-0.0678744912147522,0.12468779903521972,0.0794717994205882,-0.08506608754396439,0.0,0.0,-0.09816043078899384,0.5726237507572071,0.25358316162532923,-0.07136442512273788,0.36341750339779333,0.7054303100914165,-0.09194096177816391,0.4314396722201996,0.8694698440999097,-0.08033236116170883,0.49168494919591965,0.8527293335330258,-0.07385987043380737,0.6434355671870698,0.3803871858303875,-0.09892158955335617,0.47445090261086775,0.856052695254467,-0.11101066321134567,0.5477023155245415,0.934266736090955,-0.0868501365184784,0.6077810098110786,0.865095869679509,-0.07463004440069199,0.7126741221059624,0.556390187667045,-0.12670817971229553,0.5817592889170873,0.9299044730986895,-0.13022160530090332,0.6350599750556785,0.9999959065591773,-0.11193755269050598,0.6901005053944226,0.9454677411499024,-0.10154011100530624
0.9999962515688637,0.7718013697748417,2.971557222508636e-09,0.8036763461448836,0.5678395297970948,0.022440869361162186,0.5818135026272951,0.4044022032756834,0.015288786962628365,0.41384620263124366,0.32667601355745,0.0015671479050070047,0.3179842765080296,0.2819903631095983,-0.01257228571921587,0.49452256439952824,0.20864479157591637,-0.016969110816717148,0.27579145377726544,0.13565533020772158,-0.03442287817597389,0.12131337212717162,0.06196728567529439,-0.04741517826914787,0.0,0.0,-0.05729015916585922,0.5386722454140699,0.2792052934338518,-0.041619494557380676,0.3125153061283633,0.508358582654389,-0.056181132793426514,0.24287519163820584,0.666505975005099,-0.055159375071525574,0.21057334524161223,0.7764696549861378,-0.05637577176094055,0.598684800355645,0.43152060990961066,-0.06296731531620026,0.4050550304760873,0.750358082945817,-0.07055938243865967,0.40465443141199947,0.869009152751526,-0.05690399929881096,0.426632417655867,0.9288112165752491,-0.050111956894397736,0.667451327371969,0.6227257809679044,-0.08416885137557983,0.525986794571211,0.872209512750319,-0.08538337796926498,0.5268527856322285,0.961032239315951,-0.07320436090230942,0.5420094165912855,0.9999956831378857,-0.06616225093603134
0.999996745640321,0.8785617532178627,-2.8723609601932765e-10,0.8197554136231301,0.6273142714833176,0.03335541486740112,0.5691084478587118,0.38107552755212637,0.028727984055876732,0.3794401271182189,0.1883887657649968,0.01739819347858429,0.28315396723999325,0.00641475906303317,0.0068167997524142265,0.43285918028789755,0.170460094675355,-0.0153135284781456,0.20176867226106543,0.222352106892332,-0.021351944655179977,0.09474124636793242,0.143755649512717,-0.02026013843715191,0.0,0.0,-0.021379295736551285,0.4608885609442307,0.2891015575536231,-0.04379599913954735,0.2043912136207445,0.7104697495215315,-0.04488038644194603,0.29319042526448696,0.7599373250799262,-0.025055281817913055,0.3657699363059392,0.6479457006812677,-0.013334156945347786,0.5067521927211447,0.49154267372756866,-0.06731556355953217,0.30678147429609,0.8981281180356939,-0.06373043358325958,0.40400133260884336,0.9059792988180753,-0.03587425872683525,0.47895170250892555,0.8028378772040158,-0.021170184016227722,0.5611435453409263,0.7136481699944844,-0.08933521062135696,0.4213089417330093,0.9968229482773433,-0.08087527751922607,0.5080774295975742,0.9999956031458762,-0.05913668870925903,0.5837918668361014,0.9145186831098542,-0.046533286571502686
0.9999973019651199,0.7447997320197608,5.001738134779998e-09,0.8242879720872979,0.5725108887975526,0.0325436033308506,0.6086046751832175,0.47889310857862255,0.019880851730704308,0.44112242048975087,0.531998349403965,0.00023837026674300432,0.3307147611419578,0.6586675177082028,-0.018775274977087975,0.5126290732309621,0.1475668194843254,-0.036160022020339966,0.28239310737337686,0.13590560974650556,-0.056718356907367706,0.1268832383699695,0.07720294838643965,-0.06457854062318802,0.0,0.0,-0.0705968514084816,0.5489601691680834,0.2385129450025979,-0.06909285485744476,0.3316642957339812,0.7127049976131666,-0.07988471537828445,0.4287069883434253,0.7929473144580195,-0.05664072185754776,0.5050245145011282,0.6876740544581994,-0.04197516664862633,0.6062682684899816,0.4359996475164239,-0.09757249057292938,0.45282560118242726,0.9046802289462161,-0.10156641155481339,0.5481783650493398,0.922877326512435,-0.06815958768129349,0.6143297842091007,0.8015811139084101,-0.04976382851600647,0.6713952130763687,0.6670163140834766,-0.12548120319843292,0.5570561797927812,0.9925745295779672,-0.12189126759767532,0.6332616980169852,0.9999958203163007,-0.09717453271150589,0.6953959482193841,0.9036371276564312,-0.08229757845401764
0.9999968622269572,0.6394021559259466,1.7492569615029652e-09,0.817158897396629,0.46340839979603593,0.023461895063519478,0.5891024777216188,0.4054550966502924,0.007167466916143894,0.4168083755890764,0.5093320728931546,-0.013224685564637184,0.30872090153151766,0.6790028014276313,-0.03291233256459236,0.507373491496977,0.08922812307563384,-0.0507424958050251,0.2795328996501088,0.09513086080135663,-0.07314331084489822,0.12535823568571958,0.056654198833184635,-0.07894992083311081,0.0,0.0,-0.0822385922074318,0.5613564451252832,0.2099420866199088,-0.07780656963586807,0.31270698342162984,0.7281387733483904,-0.09025102108716965,0.40935679825567456,0.8002526345557881,-0.06590310484170914,0.49218502889964416,0.6823356417208486,-0.049629565328359604,0.6356673316432452,0.4296188454790399,-0.10069572925567627,0.4367486974095606,0.9150092810648708,-0.10635947436094284,0.5301490316543052,0.9110605993653403,-0.07182368636131287,0.6056348145469533,0.7703965848041384,-0.051599662750959396,0.7154433004542194,0.669363278145024,-0.12314322590827942,0.5580814355077842,0.9999951032681064,-0.12145799398422241,0.631440547487259,0.9809755273238459,-0.09613865613937378,0.7024273301027245,0.8579727351974349,-0.08004866540431976
0.0,0.8937945735986677,8.783194616057699e-09,0.12605393571800197,0.7156668856436089,0.014214467257261276,0.40304019536181745,0.5710734839849553,-0.005843042861670256,0.7075371012823669,0.5618080853369598,-0.031625960022211075,0.945877562560379,0.5893790294722675,-0.05587530881166458,0.4074099182809998,0.3680484128717131,-0.035705387592315674,0.7067446644835514,0.1883270837143809,-0.05850347504019737,0.8785098216682238,0.08906115875501446,-0.06710020452737808,0.9999960431894822,0.0,-0.07349108159542084,0.4362177081272234,0.45739635339131923,-0.05962246283888817,0.9272383169996697,0.6024112582641694,-0.08349860459566116,0.84497347182264,0.727569019359953,-0.0709637850522995,0.7005862985041856,0.7467229417206881,-0.05725919455289841,0.4635381459878131,0.6041452982436507,-0.08066651225090027,0.883779762224632,0.7996756831558679,-0.09128538519144058,0.7651132949791586,0.8754595673843347,-0.06511975079774857,0.6279755033041534,0.8494960741670914,-0.04697210714221001,0.49359673600145265,0.7718688997631084,-0.10258112102746964,0.7731350666571676,0.932639309381832,-0.0974038764834404,0.6478567048715778,0.999997425682392,-0.07586514204740524,0.5201426612289144,0.9822903012126868,-0.061173323541879654
0.9999971198149918,0.6837928136458687,3.5668226150420423e-09,0.8258843922870216,0.5286196278099372,0.02762921154499054,0.6073782110412815,0.49055886901007456,0.011729518882930279,0.43607155479781057,0.6199540668991356,-0.009732864797115326,0.3065393180720959,0.7860852014625636,-0.030943559482693672,0.5288571417105274,0.12595198922927422,-0.04799861088395119,0.27971919585678306,0.11136652383587103,-0.06999631226062775,0.12594527059215196,0.0651664577124501,-0.07521352171897888,0.0,0.0,-0.07847578078508377,0.5761892836451189,0.2161430253588756,-0.07830362766981125,0.3224263115471058,0.7449377168862246,-0.09061234444379807,0.4195712616584359,0.8428971332549673,-0.06506217271089554,0.5062071138680861,0.7401234646574012,-0.04780684411525726,0.6400160535297431,0.41536004697703766,-0.10446052253246307,0.4419356266201206,0.9171946371389536,-0.10994106531143188,0.5312908555500981,0.938275370885964,-0.07528381794691086,0.6042451896627913,0.8088351070894505,-0.055055055767297745,0.7060143076563686,0.6398942865267704,-0.1298794448375702,0.5676698689092857,0.9913552099964493,-0.12717242538928986,0.6373190800581771,0.9999951533303617,-0.10191954672336578,0.7001354720072888,0.8893080847145443,-0.08609113842248917
0.9999965919776799,0.6048071736081626,3.652639524176493e-09,0.8105646271843665,0.39542164293519244,0.024195337668061256,0.5896836658714825,0.3260606442012113,0.008089552633464336,0.42412055075449495,0.43559327327621367,-0.011852222494781017,0.32368086277304603,0.5731912983844802,-0.0318962000310421,0.5270186674842118,0.014083913505928568,-0.06178930029273033,0.27294267170044656,0.05468810710114306,-0.08720429986715317,0.11964610544586643,0.04230468626009896,-0.09333837032318115,0.0,0.0,-0.09589292854070663,0.5805465987934846,0.16509659025323592,-0.08840726315975189,0.31015610216374573,0.7107540263312047,-0.10271502286195755,0.35007700361000627,0.8433142467558351,-0.07936331629753113,0.39383998077159343,0.7938269341725082,-0.06455148011445999,0.651077553505414,0.4078420911907955,-0.11000828444957733,0.4324269015039621,0.9143027214773929,-0.11417005211114883,0.5017681006134452,0.9424518617566688,-0.07822342216968536,0.5705133046849263,0.8291593928762188,-0.05778897926211357,0.725119780279164,0.6735096380439599,-0.1310783177614212,0.5518056826587547,0.9998322425519106,-0.12912312150001526,0.5996185415765262,0.9999941942342806,-0.10339092463254929,0.6659880939883507,0.8918194677268416,-0.08708711713552475
0.999997073831321,0.5513415481645498,3.4753548927568545e-09,0.8304458599743466,0.36263159996029426,0.022461801767349243,0.6227005001129907,0.32929955342779044,0.004508813377469778,0.4643997253969663,0.4380483629389657,-0.016481926664710045,0.36210679342990565,0.54516325555915,-0.03863566368818283,0.5641655838619731,0.0,-0.07321584969758987,0.3057272760565456,0.04209607294931966,-0.09992656856775284,0.13802030784873373,0.04528866989791961,-0.1097773090004921,0.0,0.022849639232504163,-0.11652859300374985,0.6218720372007984,0.14243290764139035,-0.0995984598994255,0.38450040756633214,0.730553555935793,-0.11496102809906006,0.3992296932855112,0.898465488180094,-0.09464515745639801,0.42384550657230463,0.8812405120243306,-0.08356301486492157,0.6959788295560059,0.38966185191562047,-0.1196608915925026,0.5072811401452874,0.9276655420188952,-0.12200145423412323,0.5561469349381745,0.9670484753870624,-0.08713000267744064,0.6105179965925133,0.860236304554023,-0.06948161870241165,0.7724204048110161,0.6607433566069638,-0.13933132588863373,0.625634130888375,0.9972046048349708,-0.13645745813846588,0.6630603353764654,0.9999940459216754,-0.11112619191408157,0.7190562308181692,0.8903743345750329,-0.09633049368858337
0.9999965806744135,0.5593021967657527,1.0543959039210904e-09,0.8129620625489717,0.3581837312738319,0.024129288271069527,0.5984365369533556,0.2916484808603223,0.008902177214622498,0.4406477085789192,0.39514499033193845,-0.009796512313187122,0.3345434905776016,0.5395186318979667,-0.028390495106577873,0.5265504067455055,0.0,-0.060716018080711365,0.2767228421733565,0.06110740702266563,-0.08533512055873871,0.12190930031691923,0.05451834064366191,-0.09075824916362762,0.0,0.018554647265966735,-0.09311090409755707,0.5831325158361306,0.14835646531913982,-0.08683869987726212,0.3232239097403288,0.7499592408082884,-0.10104242712259293,0.3582025059176654,0.86854049067318,-0.07695861160755157,0.39909203453588765,0.7944115411801479,-0.06164447218179703,0.6626191442097156,0.39099478978681157,-0.10834357142448425,0.4611979433660291,0.9418883484701405,-0.11312627047300339,0.5323651419581487,0.9314998289123886,-0.0775938481092453,0.5958862913664993,0.7728255142365701,-0.057083915919065475,0.7473459739264203,0.6539619555158126,-0.12922300398349762,0.6003795375369323,0.9999937597409043,-0.12857140600681305,0.6506626643507113,0.9698893699290261,-0.10415752977132797,0.7108993509799535,0.8219896572778748,-0.08846309781074524
0.9999967159004327,0.5823889461234393,2.807899246448642e-09,0.8229135624360346,0.34877446155141223,0.019483627751469612,0.6137117532181214,0.28610202404346646,0.004013924393802881,0.4639638695702023,0.418251178997826,-0.013788583688437939,0.36541425696341673,0.6070560048607104,-0.031534675508737564,0.5450744274253833,0.0,-0.06149329990148544,0.28826024723306315,0.05419618889765125,-0.08359366655349731,0.12951325971661273,0.043353283042682475,-0.08927633613348007,0.0,0.005194069679636913,-0.09192058444023132,0.59893085283936,0.16413664424537708,-0.0830417200922966,0.33302380568380024,0.7619221498753282,-0.09477407485246658,0.36805391318918285,0.8907228759650894,-0.07248484343290329,0.41579684780486414,0.8360696748112706,-0.058432821184396744,0.6664366596989842,0.4064298701636419,-0.0997077152132988,0.4534438069419971,0.9552181223899359,-0.10043437033891678,0.5185859616751012,0.9478351848363697,-0.0663999393582344,0.5839379578226672,0.8047843599613426,-0.04739851504564285,0.732329017063549,0.6603718556531152,-0.11622712016105652,0.572167948970537,0.9999937203985779,-0.11082976311445236,0.6166577544192916,0.9773976271104262,-0.08638791739940643,0.6754619937443234,0.8427597952590496,-0.07146275043487549
0.9999964812131502,0.5933907336224403,9.386506016895169e-10,0.8160720262488398,0.34854336727380325,0.01500612311065197,0.5957826976858257,0.2561544797475968,-0.005009680986404419,0.42951896112080257,0.30509939304814004,-0.027963576838374138,0.2946736833817716,0.4081722200425706,-0.051657747477293015,0.5199555686463472,0.0,-0.06819184869527817,0.288332523941551,0.04302229084671124,-0.10352769494056702,0.13168109496814762,0.03267216935044412,-0.12309973686933517,0.0,0.0016867335158077404,-0.13557285070419312,0.593839283537083,0.16416116298942812,-0.09164325147867203,0.32982292689132003,0.5660550644727411,-0.13057038187980652,0.1912291417733335,0.757723392948413,-0.13668349385261536,0.08062431661956858,0.8800952037740235,-0.140106201171875,0.6781785497691709,0.4198209146221374,-0.10899265110492706,0.44918538527277996,0.8031603945584447,-0.13149620592594147,0.3636625785656916,0.9276205085109487,-0.11828010529279709,0.30506159485015044,0.9999940797714374,-0.1099030077457428,0.7652599049911855,0.6976834429943075,-0.12528777122497559,0.5965016728317235,0.9179020299003083,-0.132162407040596,0.5584249336726878,0.9696773385000763,-0.11857932060956955,0.5430911317716979,0.9905099089127837,-0.11094184964895248
0.999997340799257,0.7231642874388918,4.230367611768315e-09,0.8414571584409858,0.5559902623557236,0.025685863569378853,0.6352518483598264,0.4627537457618237,0.005816994700580835,0.46931602260792327,0.47148845718239385,-0.01983969658613205,0.36547522973442154,0.518535704874155,-0.04620632901787758,0.5572412831178425,0.16167629193615177,-0.06252747029066086,0.2965607035638853,0.12027451903051697,-0.08738585561513901,0.1323904172839424,0.06684129288577124,-0.09662866592407227,0.0,0.0,-0.10401634126901627,0.6065221671363732,0.2681115746156714,-0.09473739564418793,0.36789189014639556,0.6709796833413457,-0.10830150544643402,0.4316579960702119,0.7765431364525762,-0.08548132330179214,0.49683364885857106,0.7298152261578494,-0.07247599959373474,0.6689058298180279,0.4734368000481556,-0.12121973931789398,0.46764114554533204,0.8699012321036602,-0.12709680199623108,0.5400877016640829,0.9066881307543206,-0.09092659503221512,0.6157332777274046,0.8259837473987375,-0.07184512168169022,0.7316435830985121,0.7122552602635741,-0.1473129838705063,0.5669878091264411,0.9838164482549209,-0.1477045714855194,0.6231566587462806,0.9999956967128619,-0.12095201760530472,0.6958480984707571,0.9325701061640831,-0.10487459599971771
0.0,0.8869585751857098,6.520400219756084e-09,0.10472179536274394,0.6018605294560062,0.017664233222603798,0.33441744233033105,0.3128353675086854,0.004675040952861309,0.5807828474182202,0.12416959603042853,-0.01408620085567236,0.7690592764855091,0.0,-0.030388353392481804,0.4241669981567348,0.1717064703470842,-0.02910386584699154,0.7840451254832069,0.045390620991381116,-0.04386388137936592,0.8823745306742002,0.04666826879992263,-0.03862564265727997,0.9126956254179137,0.012872645124767726,-0.034395281225442886,0.4654352033800447,0.3133589682321651,-0.05256141349673271,0.9999956090601376,0.5060803740912293,-0.0723709687590599,0.8987713144061161,0.6489493628658164,-0.054005611687898636,0.7313584513205852,0.6541020548775792,-0.03536451235413551,0.5071569700751408,0.5097967648378229,-0.07248284667730331,0.957685887462348,0.7530120706821148,-0.08007070422172546,0.8204127468758982,0.8486406632475435,-0.049512844532728195,0.6635678922550285,0.8028733510881914,-0.02692992426455021,0.5446514286962082,0.7383417223539658,-0.09292218834161758,0.8385685534882962,0.9277396041963262,-0.08624779433012009,0.7056870813938104,0.9999962824534764,-0.06293768435716629,0.5702754272286417,0.9642941583023085,-0.04538114741444588
0.999997340799257,0.7231642874388918,4.230367611768315e-09,0.8414571584409858,0.5559902623557236,0.025685863569378853,0.6352518483598264,0.4627537457618237,0.005816994700580835,0.46931602260792327,0.47148845718239385,-0.01983969658613205,0.36547522973442154,0.518535704874155,-0.04620632901787758,0.5572412831178425,0.16167629193615177,-0.06252747029066086,0.2965607035638853,0.12027451903051697,-0.08738585561513901,0.1323904172839424,0.06684129288577124,-0.09662866592407227,0.0,0.0,-0.10401634126901627,0.6065221671363732,0.2681115746156714,-0.09473739564418793,0.36789189014639556,0.6709796833413457,-0.10830150544643402,0.4316579960702119,0.7765431364525762,-0.08548132330179214,0.49683364885857106,0.7298152261578494,-0.07247599959373474,0.6689058298180279,0.4734368000481556,-0.12121973931789398,0.46764114554533204,0.8699012321036602,-0.12709680199623108,0.5400877016640829,0.9066881307543206,-0.09092659503221512,0.6157332777274046,0.8259837473987375,-0.07184512168169022,0.7316435830985121,0.7122552602635741,-0.1473129838705063,0.5669878091264411,0.9838164482549209,-0.1477045714855194,0.6231566587462806,0.9999956967128619,-0.12095201760530472,0.6958480984707571,0.9325701061640831,-0.10487459599971771
0.9999973412250995,0.7812721780961311,8.34744717792546e-09,0.8232718298633905,0.6079340616181661,0.02505381591618061,0.6188728803429622,0.4515429104658707,0.0021217712201178074,0.4596821892050944,0.368850587155121,-0.02665128745138645,0.3400537557438053,0.35657267845637153,-0.055765680968761444,0.5428373661900463,0.17114593588375585,-0.06725044548511505,0.2767013394801631,0.14108806409483143,-0.09735085070133209,0.12269722905651151,0.08103610052488541,-0.10833288729190826,0.0,0.0,-0.11583268642425537,0.6014344131218783,0.25381897088566396,-0.10113164037466049,0.3410630851427555,0.6803596038987159,-0.11982376873493195,0.42260609256018966,0.786784005230703,-0.09604206681251526,0.5053479658754191,0.7193047568694899,-0.08126234263181686,0.667172358580433,0.4483778275736919,-0.12988026440143585,0.44367063388668726,0.8717595499533942,-0.13969404995441437,0.525076560140659,0.9099869206578101,-0.10082652419805527,0.6084030489611055,0.8114740692577393,-0.07929286360740662,0.731651534465136,0.6847563096047927,-0.15833260118961334,0.5528908828708444,0.974068083356038,-0.16031034290790558,0.6122934599227681,0.9999956852783505,-0.13159015774726868,0.6878686032319172,0.9234717631351403,-0.11386509239673615
0.9999967763609419,0.6776031390139753,4.528315944440919e-09,0.7709699405852332,0.5652921624507374,0.01643958128988743,0.5309361437351454,0.4007211634071296,-0.012157333083450794,0.37942898008327247,0.2373330303431999,-0.04350622370839119,0.2883791137030948,0.08660339599804076,-0.07450743764638901,0.5142922582121489,0.1688995614437153,-0.09403704106807709,0.25824461555911143,0.14424715622030884,-0.13223797082901,0.11594594644314862,0.08329756049527251,-0.14521141350269318,0.0,0.0,-0.15259325504302979,0.6162003663183322,0.21551175189817984,-0.12186314910650253,0.3975886885252841,0.650493665469053,-0.14720451831817627,0.47059643850635,0.7726148884047701,-0.12268143147230148,0.5378517855783689,0.7272074966748443,-0.10818294435739517,0.7330288295148127,0.3821903975883313,-0.1439027041196823,0.5372745854200824,0.8714068815741552,-0.15880979597568512,0.6124733518475329,0.9136995230853044,-0.11674510687589645,0.6846825519425009,0.8087218949680874,-0.09267308562994003,0.842743934835155,0.5993188631864471,-0.16561564803123474,0.668175472848499,0.9661181824052146,-0.17218704521656036,0.7075676543567951,0.9999949593096165,-0.14284920692443848,0.7720257711011399,0.9172631434523256,-0.1240333691239357
0.9999969051270171,0.7610053798058299,6.062035762255391e-09,0.7857317766592864,0.6698249700716411,0.01604006066918373,0.5648242954691726,0.5330974335883313,-0.011062955483794212,0.42167059996105183,0.38232914185587613,-0.042132019996643066,0.3336924463055305,0.2608160134023049,-0.07243380695581436,0.5247602536350385,0.17571323324934515,-0.07735856622457504,0.27820552111046876,0.1620969330227501,-0.1114358901977539,0.12883744050704576,0.09056104882122694,-0.1243184432387352,0.0,0.0,-0.1327107846736908,0.6276309428377559,0.21519598522276728,-0.10685195028781891,0.3865851866990239,0.690290992301606,-0.13149528205394745,0.4746419240653799,0.8026748734461736,-0.10914302617311478,0.5573077450809548,0.7439699422435744,-0.09481293708086014,0.7384548200895963,0.3795106882072031,-0.13201679289340973,0.5181815426503033,0.8722074745391379,-0.1487511247396469,0.5981598376490931,0.9042241560520307,-0.11099888384342194,0.6735620150077984,0.7867778429316239,-0.08857998251914978,0.8405173514585889,0.5928856438974534,-0.15703700482845306,0.653351428287708,0.9817759144908349,-0.16418445110321045,0.7054952253338098,0.9999949459378313,-0.13675032556056976,0.7762094969567365,0.8920782355025597,-0.1190834790468216
0.9999969051270171,0.7610053798058299,6.062035762255391e-09,0.7857317766592864,0.6698249700716411,0.01604006066918373,0.5648242954691726,0.5330974335883313,-0.011062955483794212,0.42167059996105183,0.38232914185587613,-0.042132019996643066,0.3336924463055305,0.2608160134023049,-0.07243380695581436,0.5247602536350385,0.17571323324934515,-0.07735856622457504,0.27820552111046876,0.1620969330227501,-0.1114358901977539,0.12883744050704576,0.09056104882122694,-0.1243184432387352,0.0,0.0,-0.1327107846736908,0.6276309428377559,0.21519598522276728,-0.10685195028781891,0.3865851866990239,0.690290992301606,-0.13149528205394745,0.4746419240653799,0.8026748734461736,-0.10914302617311478,0.5573077450809548,0.7439699422435744,-0.09481293708086014,0.7384548200895963,0.3795106882072031,-0.13201679289340973,0.5181815426503033,0.8722074745391379,-0.1487511247396469,0.5981598376490931,0.9042241560520307,-0.11099888384342194,0.6735620150077984,0.7867778429316239,-0.08857998251914978,0.8405173514585889,0.5928856438974534,-0.15703700482845306,0.653351428287708,0.9817759144908349,-0.16418445110321045,0.7054952253338098,0.9999949459378313,-0.13675032556056976,0.7762094969567365,0.8920782355025597,-0.1190834790468216
0.9999969016073704,0.7610173465502069,2.8463833512404335e-09,0.78372959040366,0.7334470654385561,0.011035613715648651,0.5812640490994482,0.6836222390443691,-0.020180976018309593,0.45665290781693874,0.6805685763170267,-0.05445849150419235,0.37581059285419227,0.7099099636825295,-0.08817623555660248,0.5301647754247892,0.1780390814612921,-0.08679952472448349,0.29676353848492426,0.12014427075451817,-0.1269681602716446,0.13459301918370425,0.06162887795197285,-0.1447189599275589,0.0,0.0,-0.15600141882896423,0.6349909297820293,0.1640950187134629,-0.11593461036682129,0.4049227720717807,0.6650830287334498,-0.1433238983154297,0.4828336837426555,0.8684067517959203,-0.12057028710842133,0.5639020453020914,0.8642261313191975,-0.1063503697514534,0.7468145559926694,0.31668328517889593,-0.14182770252227783,0.541823350263356,0.839517658197394,-0.15975061058998108,0.614197967101261,0.934007476014208,-0.121307373046875,0.6863184661964824,0.8433342078730436,-0.09906913340091705,0.8480570222708589,0.5312394233214506,-0.1684996783733368,0.6707435971345532,0.9354676869532845,-0.17759835720062256,0.7159521777580666,0.9999949310419345,-0.1512203812599182,0.7813317235642684,0.9126620502672981,-0.1342155486345291
0.9999967752964571,0.7850420910204183,3.4802329906824525e-09,0.7684849934546035,0.7785093400705677,0.008318654261529446,0.5715172858416464,0.7275961335275748,-0.022807685658335686,0.45463333022310504,0.7165305465312106,-0.05623385310173035,0.37768582489268276,0.7285139026955446,-0.08870253711938858,0.5255347624357618,0.20351858530859704,-0.0880502313375473,0.287295340357768,0.12946755049809103,-0.1267707198858261,0.13206314344691414,0.06850850047870038,-0.1424279510974884,0.0,0.0,-0.1519155651330948,0.6345195742686722,0.18223455944006772,-0.11468525230884552,0.4039811302405383,0.6622871924931631,-0.13988125324249268,0.4829717992676113,0.8456309893621138,-0.11548308283090591,0.5629621385097625,0.8327965278599212,-0.10019420087337494,0.753732121438006,0.3234729941690788,-0.13838925957679749,0.554419869067594,0.8427108700824009,-0.15480157732963562,0.6266502226159651,0.9243996316569302,-0.11638414859771729,0.6934334210219953,0.8289339829271289,-0.09386488795280457,0.8628347563514477,0.5268765158804976,-0.1628936231136322,0.6865512461092693,0.937897383048677,-0.17151030898094177,0.7257202126118074,0.9999948929978212,-0.1458345204591751,0.78460349840297,0.913553213417096,-0.12896159291267395
0.9999967094005482,0.7457637624510908,4.1417878016147824e-09,0.7618733108575403,0.6988216074410134,0.011521410197019577,0.541106684016098,0.5871830439969804,-0.020667193457484245,0.4094220296114188,0.4733114411447354,-0.05426141619682312,0.3188611991884666,0.373858563150458,-0.08669670671224594,0.539610566148903,0.19059250134723163,-0.10160904377698898,0.2931276972836991,0.13088348447621362,-0.14267344772815704,0.13387822837252222,0.06574901120442808,-0.1568940132856369,0.0,0.0,-0.1649920791387558,0.6553398335086904,0.20465921538533446,-0.12823504209518433,0.4396227025365364,0.7043686619106447,-0.15536902844905853,0.5258715047331805,0.8513164984434497,-0.1272413283586502,0.6034652611454019,0.819143831951524,-0.10955425351858139,0.7778826350305755,0.35675532707988145,-0.1503184586763382,0.5814950017049589,0.8855413661898924,-0.16749098896980286,0.6529209004127132,0.9259780245157554,-0.1239205151796341,0.7200267293586906,0.8087394023156632,-0.0984419509768486,0.8862056482237209,0.5620181677506527,-0.17239819467067719,0.7060136673319989,0.971891584579213,-0.18165667355060577,0.7450306090209352,0.9999947690331628,-0.15270590782165527,0.8069290534134222,0.8893218189718766,-0.13348235189914703
0.0,0.8922090831019919,8.87805828853061e-09,0.11994243203199591,0.6726388035270384,0.02017660066485405,0.3815051769157234,0.4899016609741571,0.006383681669831276,0.6636508995343934,0.44495394146535855,-0.014696463011205196,0.893249009086518,0.46264564864358104,-0.03355428948998451,0.4174829454540975,0.2803833864102361,-0.019562868401408195,0.7339436775781087,0.09715371344769469,-0.03770008683204651,0.8810066323048086,0.04176605852598894,-0.03983676806092262,0.9512988769000053,0.0,-0.04053416848182678,0.4628642111193711,0.37855114398313805,-0.04487036541104317,0.9999955251094877,0.5495167911661022,-0.06538847088813782,0.9208749742527648,0.6894875795590415,-0.05244342237710953,0.7664578982461832,0.7100300549778614,-0.03761798143386841,0.5110734207448197,0.5405055841010961,-0.06777384132146835,0.9700138512843148,0.7755501621634788,-0.07511746138334274,0.8419269939918667,0.8680689619447122,-0.049124930053949356,0.6874899136658308,0.8358313510195624,-0.030298179015517235,0.5590432453474664,0.729498104384209,-0.09127092361450195,0.8569465037623375,0.924263690461123,-0.08391865342855453,0.7273233147358069,0.9999968829539535,-0.06261204183101654,0.5920798454775548,0.9743544604415206,-0.047315407544374466
0.9999968360437226,0.772198446122585,5.671036973353694e-09,0.7499931952502767,0.6920152432320776,0.01799817942082882,0.509724577657458,0.5079476786899716,-0.010196861810982227,0.3527521610761532,0.29286732854416997,-0.04138395935297012,0.25119795903465714,0.0916415458534876,-0.07249315828084946,0.502475124395117,0.20337245738774495,-0.09425406157970428,0.2642896331709104,0.15066675133735047,-0.13092991709709167,0.1255507013758869,0.08770248430711693,-0.14416779577732086,0.0,0.0,-0.15221011638641357,0.6196844567315252,0.22206258340244747,-0.12280494719743729,0.4262667580240085,0.6480838536990786,-0.14783518016338348,0.49863154314229396,0.8127047495387321,-0.12412497401237488,0.566219809641694,0.8064605400677686,-0.11047125607728958,0.7493025915238729,0.36782243286897026,-0.14497564733028412,0.5654931858956989,0.8431428420012116,-0.15897241234779358,0.627766142174265,0.9234942329531208,-0.1175088956952095,0.6903491346424018,0.8410471701819748,-0.09422709792852402,0.8717753727963632,0.5639819296956191,-0.16651439666748047,0.7016645126292835,0.9450687538620097,-0.1719599962234497,0.7389312775059638,0.9999949066291791,-0.142436683177948,0.7965825446739399,0.914694111408254,-0.12391821295022964
0.9999968668996344,0.5901532851731253,6.3286287321773216e-09,0.8204708652298293,0.45560233044375376,0.012086584232747555,0.6142719285433685,0.3823221856874766,-0.015603113919496536,0.47180985706764633,0.3676027035298384,-0.04525812715291977,0.3965176270498616,0.3759842504854463,-0.0758569985628128,0.5659915799540692,0.1732454092889411,-0.09269790351390839,0.2988541868619766,0.11814728538195314,-0.12842519581317902,0.13336841002996508,0.07281363136696478,-0.14310765266418457,0.0,0.0,-0.15277890861034393,0.6401056210394936,0.2515993487437556,-0.11733005940914154,0.41126058210678207,0.661393510893946,-0.14403867721557617,0.48880423798738737,0.7578799272299236,-0.12448427081108093,0.569212784724125,0.6777067086473948,-0.11251150071620941,0.7282294471472142,0.4371310466749701,-0.13599099218845367,0.528437998249343,0.8640188010082241,-0.1510145515203476,0.5978605728014414,0.8884944444420892,-0.1149597093462944,0.6741042804876959,0.7626666130945372,-0.09497996419668198,0.8141238835775663,0.656344949769237,-0.15479500591754913,0.6494721203407237,0.9818395885629606,-0.16027985513210297,0.6974562876577575,0.9999948372058711,-0.13407273590564728,0.7712483763387773,0.9013777225139575,-0.1182522103190422
0.0,0.8057981212024105,1.4690244576343048e-09,0.13343501142212738,0.4445867154703208,0.0051581962034106255,0.3201824220070217,0.18703866340664962,-0.010559695772826672,0.4859676850295473,0.10069606134536623,-0.02688760496675968,0.6284218465168812,0.06304912380284165,-0.04354546219110489,0.39777026710670615,0.0,-0.05718804523348808,0.6879238221292687,0.14696737330899742,-0.07737487554550171,0.8694988991612331,0.32203762036908584,-0.0822656899690628,0.9952562163822829,0.4452966238120374,-0.08475718647241592,0.35565050517004554,0.19030136166794917,-0.06862822920084,0.6868384994516867,0.42455788149385215,-0.08731672912836075,0.8684207427763765,0.5800161322057497,-0.08237865567207336,0.9999958541227251,0.6466198573709256,-0.08014415949583054,0.3122970288736791,0.4583396327745414,-0.07545838505029678,0.62399579586156,0.6803817592407445,-0.08291725814342499,0.7667655213423528,0.8127987359734943,-0.06424228101968765,0.8560984259918536,0.832560186709415,-0.053609028458595276,0.2677445576702936,0.7591146420601181,-0.0825488492846489,0.5118832235464084,0.9265385846896339,-0.08376211673021317,0.6187581007767037,0.9999934702381639,-0.07019568234682083,0.6811851593887583,0.9939168260828889,-0.06164396181702614
0.0,0.9462737147175112,-4.674922671199511e-10,0.1510365804409477,0.6735320234977213,0.013616169802844524,0.3355148892692615,0.4410329788347765,-0.004265786614269018,0.5018436585050438,0.3094520391281366,-0.026130469515919685,0.6371815991130777,0.24828479802707698,-0.047905705869197845,0.32505971795128535,0.13996769401129233,-0.05922463536262512,0.570273630214203,0.0,-0.08796114474534988,0.7453982500377352,0.013642387329736778,-0.10076647996902466,0.8655920750906533,0.04630560975713294,-0.10964681953191757,0.2529329177234734,0.253604326142252,-0.08237627148628235,0.6455043406925035,0.3831662857480747,-0.1143350601196289,0.8679785054625386,0.5450238091481487,-0.11963727325201035,0.9999958036203943,0.6825695126338305,-0.12387769669294357,0.1953451212514708,0.45905060864498703,-0.09964767843484879,0.5659770050252031,0.6542935784825809,-0.11740876734256744,0.7394032848188535,0.8007914030741685,-0.1049160361289978,0.8336143833424485,0.8944765314591804,-0.09813021123409271,0.1582293881345133,0.7116569668022567,-0.11661534756422043,0.44555619270025004,0.8754981185114993,-0.12361790984869003,0.5634738919399245,0.956424654357988,-0.1122116893529892,0.6208532728257857,0.9999956066322632,-0.10544959455728531
0.9999969859345421,0.787614926273605,4.876800629993738e-10,0.7889581704367163,0.7481885253855092,0.022430388256907463,0.5565265385934822,0.6321649958301062,0.0065056630410254,0.38729990979374895,0.5961198381666444,-0.016072159633040428,0.2539589179359072,0.574028293619471,-0.037841711193323135,0.49261029209050083,0.11906452367129922,-0.0324719212949276,0.2580509482209074,0.10331419128139302,-0.05930702015757561,0.11007961193020155,0.05489739470912986,-0.07088246941566467,0.0,0.0,-0.07859937846660614,0.5550372210185661,0.13961432329778067,-0.06364596635103226,0.3079905151880491,0.679184816253172,-0.08614040166139603,0.39644430173850376,0.8698277234116868,-0.06885289400815964,0.479564480952059,0.8402883780155478,-0.05539196357131004,0.6338661355453621,0.29198558008211745,-0.09343768656253815,0.45104593574157553,0.8730695806567214,-0.11299356073141098,0.5565080344064838,0.9594543248183441,-0.08580014854669571,0.6321062616052079,0.8568622775654047,-0.0670485720038414,0.7154900805704144,0.501316690785918,-0.12309101969003677,0.5849189678886952,0.9394943658616313,-0.1331840306520462,0.6667001086770832,0.9999952469335628,-0.11469864100217819,0.7322209197060432,0.9037636765667781,-0.10098950564861298
0.0,0.9756754214502306,1.563843721186231e-09,0.12889667831980509,0.6193594912669318,0.011087385006248951,0.35375820623074206,0.3129313360199888,-0.0021115588024258614,0.5623340355275692,0.1302272174929417,-0.01712149940431118,0.7262606459097392,0.0,-0.03173533454537392,0.35842421568410476,0.13586714966518199,-0.05145818740129471,0.672511765963078,0.1451388610370063,-0.07048690319061279,0.8590934935587005,0.22620087923504179,-0.07332535833120346,0.9787287730083987,0.27943722833826934,-0.07398958504199982,0.3256879386246275,0.3461571115809985,-0.0666784793138504,0.7280279422498636,0.4955347525386864,-0.0866888090968132,0.9009433461912948,0.6134750856036523,-0.08033192902803421,0.9999949796287785,0.6595764650260657,-0.07520822435617447,0.3099538842372397,0.6136854753380194,-0.07684016972780228,0.7015542560224713,0.7207441043069021,-0.08608521521091461,0.8504754551916867,0.813128746471425,-0.06604305654764175,0.915934842863136,0.8422976254314489,-0.05290430039167404,0.3036143893822268,0.8910380171772868,-0.08644378185272217,0.6186924155985201,0.9519525071017491,-0.08783014863729477,0.7441833229574165,0.9920746660468678,-0.07261372357606888,0.808585205504247,0.9999948015404747,-0.06194843724370003
0.9999969512299995,0.7978428514853882,1.492343915110439e-09,0.7925816783545608,0.7429193205260588,-0.0014580081915482879,0.5907465077085747,0.6587047640089218,-0.03883298486471176,0.4670801974175278,0.6259053374856365,-0.07498091459274292,0.39570442598502964,0.6441499001260058,-0.10993938148021698,0.5578795656520419,0.2469860236787686,-0.11267027258872986,0.31119786916497205,0.1619811473601791,-0.16187240183353424,0.14026178545965773,0.07906500636722857,-0.18256543576717377,0.0,0.0,-0.19476477801799774,0.6645764192592465,0.25887430882773643,-0.1357053965330124,0.390950971915338,0.6696992625910804,-0.16940917074680328,0.472762790208006,0.8244488221011481,-0.14274196326732635,0.5580360273063735,0.7907362089925493,-0.12518686056137085,0.7740119878402382,0.4133642776140074,-0.15630875527858734,0.5319305547438803,0.8607857496176679,-0.18133816123008728,0.613139786688391,0.9180215780206392,-0.1407683789730072,0.69291451422025,0.8056744541935281,-0.11592228710651398,0.8708881013951318,0.6115340809207084,-0.17824727296829224,0.6715152483056991,0.962699358731039,-0.19424189627170563,0.72156008086433,0.9999961252583233,-0.16887447237968445,0.7962798794315658,0.9014276336213515,-0.15116901695728302
0.0,0.9999954760734088,2.6956201715222505e-09,0.08458328212478308,0.6755871700086751,-0.0009824433363974094,0.27066545905782574,0.36087213564661835,-0.010145565494894981,0.4330466854020473,0.1741159457357607,-0.018738243728876114,0.5615107686355232,0.0,-0.028510872274637222,0.3172356764755533,0.33190179723579716,-0.039639975875616074,0.5681876592553693,0.35032920612889934,-0.057433877140283585,0.747371850574539,0.41091565968211696,-0.06559692323207855,0.89003858235638,0.45343144737279445,-0.0704304426908493,0.3316326900532097,0.5147688679253433,-0.04586050659418106,0.6190904221000894,0.5627838372980167,-0.06319582462310791,0.8322952396791953,0.6157104274580569,-0.06751023977994919,0.99999572900579,0.6480645665419863,-0.07176654785871506,0.3440431581088299,0.7160164289234732,-0.04928984120488167,0.6182106244036509,0.723331413755737,-0.05787178874015808,0.7942186594845062,0.7554490723878123,-0.05061330273747444,0.914319827751055,0.7617965636496632,-0.047218069434165955,0.3538337077637277,0.9149477218698061,-0.05364503338932991,0.5622707906328371,0.8783291148884184,-0.0564354807138443,0.6931317879898131,0.8704465230422974,-0.05062006413936615,0.7906115143862178,0.8479876212921038,-0.04787706583738327
0.9999970332879187,0.7386606071191458,3.4919587221793336e-09,0.8037146955396934,0.6294259907717763,0.022134143859148026,0.6000919751431908,0.5735997239271026,-0.0003863090823870152,0.454523368724736,0.6209479024784371,-0.028520340099930763,0.3658453360702735,0.6782557308396627,-0.05662323907017708,0.5338027196288528,0.22402417970565686,-0.06599371135234833,0.2774797617073363,0.14934861435911823,-0.09853816032409668,0.12257790057184906,0.07529989576104335,-0.11241723597049713,0.0,0.0,-0.12180693447589874,0.6224620083224203,0.2439868161880671,-0.09795408695936203,0.39560296545965784,0.6807765382812994,-0.11744905263185501,0.45334073089014565,0.8527179172953517,-0.09309433400630951,0.5197482855539065,0.8454901673869947,-0.07867018133401871,0.7186698083621289,0.3996310185200481,-0.12601953744888306,0.5219957925631236,0.8420455857897272,-0.13794155418872833,0.5923590302950342,0.9194208978816566,-0.09941252321004868,0.6660447235105152,0.8268670593487815,-0.07778390496969223,0.8051555049111412,0.5986271814837417,-0.15428169071674347,0.6389425475245465,0.9460820153630387,-0.15956251323223114,0.6808473245528885,0.9999953092135156,-0.13271498680114746,0.7432767387613894,0.9146689409963354,-0.11565636843442917
0.9999970147582835,0.7584488006753899,3.897831390986539e-09,0.7868559558600101,0.7010748831709736,0.01935729570686817,0.5812587762953758,0.6380817232515212,-0.005664254073053598,0.4416960299845586,0.6400825891832519,-0.03506527841091156,0.35101058267591817,0.6478252919758146,-0.06435874849557877,0.5273178237781697,0.2342171133850831,-0.07600899785757065,0.27714615177894736,0.1419892835000459,-0.109146349132061,0.12327037262151562,0.0675741717739031,-0.12070107460021973,0.0,0.0,-0.12823015451431274,0.6276690166150772,0.2297666235618377,-0.10715283453464508,0.4040360633632406,0.6985125743154248,-0.1240445226430893,0.4862904510576203,0.8777541479104953,-0.0938229113817215,0.5677459138703329,0.8596786869208882,-0.07588958740234375,0.7356898883159886,0.37334425542427346,-0.13464288413524628,0.5342647336289595,0.8488229912148716,-0.14678137004375458,0.60779820677985,0.9295827194210136,-0.10612504929304123,0.6810928921376007,0.837247867132949,-0.08327068388462067,0.8324505454764684,0.5681757088550435,-0.162101149559021,0.6581811855924201,0.9367393471493788,-0.17027947306632996,0.6973176508035095,0.9999952498995438,-0.1437491923570633,0.7569259878209333,0.9222386609233252,-0.12628255784511566
0.999996868914586,0.7894531945876578,3.67671382228707e-09,0.7872388362643233,0.7864913150143064,0.007213745266199112,0.5757472560231188,0.7664886941333175,-0.024015305563807487,0.436368998831906,0.8249810327851098,-0.058681510388851166,0.3360680582595306,0.8660700110659267,-0.09352593868970871,0.5382139065101077,0.24015418770612862,-0.08204210549592972,0.29203746822648624,0.13669620219947481,-0.12004221975803375,0.13195179967372891,0.0644134487955973,-0.13847468793392181,0.0,0.0,-0.15118244290351868,0.642527892492441,0.2018855145104606,-0.10929960757493973,0.4214882763390913,0.6982836391900592,-0.13284790515899658,0.48765080340982814,0.911268475842136,-0.11196073889732361,0.5600724346501771,0.9259321785495164,-0.10069490969181061,0.7530610444163377,0.329476210749367,-0.13403624296188354,0.5649708396576256,0.8615572874627642,-0.15020301938056946,0.6360244932736899,0.9485134565846473,-0.11745087802410126,0.7067690921904616,0.8512197008210819,-0.10020501166582108,0.85440187193585,0.5220292880510177,-0.15996946394443512,0.6938311592022585,0.9316416627951559,-0.17097893357276917,0.7349951549230229,0.9999950619006889,-0.14992234110832214,0.7952774311089087,0.914047574215542,-0.13691666722297668
0.9999966213956409,0.8283233016621321,1.9237047510500815e-09,0.7539575634831259,0.8545628681640467,0.00919764582067728,0.5281640940307012,0.7493835013622161,-0.02020399272441864,0.38490119179999277,0.645068383777283,-0.05199900269508362,0.2691569366247216,0.5380967964629082,-0.0823691263794899,0.5233974172959613,0.27438638194919474,-0.08646494895219803,0.26994856342000095,0.1455326327923108,-0.12534768879413605,0.1190301810003979,0.066801188870817,-0.13859254121780396,0.0,0.0,-0.14645497500896454,0.6411534637927387,0.23684251867715453,-0.11330579966306686,0.424931408726687,0.7600428714190465,-0.1394656002521515,0.5166888282776095,0.9367738339670139,-0.11343087255954742,0.5937446648820619,0.9014086730246764,-0.0965556800365448,0.7678137510374357,0.3488407406686833,-0.13745859265327454,0.5846756948747837,0.9185264980490694,-0.15784797072410583,0.6713134176522676,0.982020362841917,-0.12081781029701233,0.7367058991048007,0.8528474105277632,-0.09834803640842438,0.8826383014113736,0.5169253580847749,-0.16193492710590363,0.7267109815002968,0.9521699773381292,-0.17633305490016937,0.7756164403810871,0.9999950275391668,-0.15364931523799896,0.830672060118614,0.8873640304865693,-0.1373596489429474
0.9999964383771436,0.8144190962978768,3.7479379599858476e-09,0.7583605174573076,0.8406711678106683,0.010750542394816875,0.5619141878397935,0.7794976976885101,-0.019124511629343033,0.45719337934675414,0.7277542363343088,-0.05195438489317894,0.39448015836011385,0.6818744392373373,-0.0834910124540329,0.5336321627742104,0.25700867520954507,-0.08854962885379791,0.24774051102962033,0.12563711759402807,-0.1258058398962021,0.10027950477601344,0.05656416688609063,-0.13736844062805176,0.0,0.0,-0.14376495778560638,0.6447048783709797,0.23479066051225417,-0.11523684114217758,0.3968352954681243,0.7061948680962544,-0.1399247646331787,0.4665434477427529,0.8932064712902598,-0.11507725715637207,0.5435036136055142,0.8892717002350801,-0.09911023825407028,0.7681381364333977,0.3536790958562842,-0.13857711851596832,0.5756932471754372,0.8824225102461726,-0.15406681597232819,0.6498847364415993,0.9550996868010828,-0.11829357594251633,0.7094148921859907,0.8464279089413985,-0.09739124774932861,0.8769346865288069,0.5293159113586311,-0.16222380101680756,0.721021383181687,0.9431426263119732,-0.1715339869260788,0.753577640312592,0.9999948746503181,-0.14912551641464233,0.7981791903503395,0.9014826267759641,-0.13411056995391846
0.9999963706048082,0.8353389440882284,6.681630360105828e-09,0.8127722213642099,0.8205831837816356,-0.005841583013534546,0.6280877723667012,0.7691186573036386,-0.03842588886618614,0.5183231825674707,0.7702079631518425,-0.07262866944074631,0.44615502584722505,0.7652093818323679,-0.10769933462142944,0.5646538913972856,0.32910442710592536,-0.08614789694547653,0.3002531408003248,0.16020671442885195,-0.12848497927188873,0.13312961570684426,0.07312353619791014,-0.15330098569393158,0.0,0.0,-0.1706433743238449,0.6515797832864695,0.31435060736794573,-0.10610838234424591,0.46281861784253625,0.6017167995992323,-0.14352425932884216,0.5234056116570064,0.7325327938110698,-0.14191512763500214,0.5824882549186277,0.7242944331918748,-0.14121544361114502,0.7591880074959966,0.4224752093576531,-0.12369712442159653,0.6253319596412567,0.8484804747367495,-0.15003128349781036,0.6906890037419386,0.9452702154568153,-0.133750319480896,0.7430585313354544,0.8982744950668923,-0.12475117295980453,0.8689822343423569,0.5923166852369411,-0.14314323663711548,0.7610769906750987,0.9227799955142526,-0.1615106463432312,0.7840463511870898,0.999994573776869,-0.15240313112735748,0.8163583040669098,0.9635616917766399,-0.14654681086540222
0.9999956723433469,0.8894717517800598,5.4315290043405184e-09,0.7908668140564536,0.7849751250607923,0.0034664731938391924,0.5609648521991635,0.7276960566936084,-0.01552845723927021,0.395650083715744,0.7777527870777694,-0.039081208407878876,0.28703160795400723,0.8251964505311018,-0.06348316371440887,0.45468467902354953,0.3063817636587192,-0.039777688682079315,0.23487598157799708,0.19588650514693964,-0.06881894916296005,0.09804594315308604,0.10342154205025705,-0.08796562254428864,0.0,0.0,-0.10101596266031265,0.520446827530326,0.37581556762752827,-0.06029656529426575,0.3058094803601835,0.6419013610742406,-0.08954887837171555,0.3744598775218764,0.7577563458265543,-0.09192311763763428,0.4517719252670686,0.7347564139172432,-0.09227621555328369,0.611107964865639,0.5343516475262191,-0.07981943339109421,0.46970243705599024,0.8599725506383961,-0.09980358183383942,0.5635231848024913,0.9194869534851349,-0.08809653669595718,0.641473396982109,0.870552065102591,-0.08026339113712311,0.7172908914803077,0.726866782001731,-0.10121125727891922,0.6012873519523604,0.9607249169586962,-0.11156482249498367,0.6471232416091195,0.9999943967295091,-0.10289303213357925,0.6946845483644528,0.9554981151351444,-0.09717196971178055
0.9999971296557566,0.80628506136497,8.401545237290975e-09,0.7854992729701427,0.7165016552711972,0.010260527953505516,0.5702301612771757,0.6204040192244941,-0.026806868612766266,0.4279026458818805,0.6066740339227041,-0.06716460734605789,0.33716213328208666,0.6305791712270787,-0.10748826712369919,0.5679983463767942,0.24790057835626025,-0.1040254533290863,0.3216704807397609,0.15451351364758123,-0.14927056431770325,0.15107256856762163,0.08023794740040915,-0.17346890270709991,0.0,0.0,-0.19025062024593353,0.6658189046663149,0.31473586712292034,-0.13470317423343658,0.3966059115218362,0.6203869413113788,-0.17011940479278564,0.3915424547344319,0.7939920291884993,-0.15854713320732117,0.40954393668178607,0.8473057707724163,-0.1534866839647293,0.7615650470365465,0.4833463222566638,-0.15941232442855835,0.4959416060902206,0.8321515313063415,-0.17914624512195587,0.5179044097856339,0.9270366355218671,-0.1454184353351593,0.5698778955140569,0.9115824378382564,-0.12790806591510773,0.8482357694600066,0.6913715061222148,-0.18461130559444427,0.6202986060768331,0.9413621583066478,-0.19246511161327362,0.638258343077028,0.9999963266687544,-0.16601920127868652,0.6996672133785469,0.9728444153440599,-0.15083952248096466
0.9999966800147585,0.8627085311063951,1.0480731837958501e-09,0.7686461397466898,0.9153104673129226,-0.0013734218664467335,0.5640065226669384,0.8771562106633395,-0.03360429033637047,0.43990554044769375,0.889700594813944,-0.06742049753665924,0.345976714905086,0.918272562386686,-0.10095321387052536,0.5280857619747688,0.312458584278132,-0.08641744405031204,0.2907103680799562,0.14702853318526676,-0.12574827671051025,0.1306973321763451,0.06837304621745176,-0.1448340266942978,0.0,0.0,-0.15764740109443665,0.6399824875520187,0.24328141441668247,-0.10929633677005768,0.4322083476631094,0.668515159771721,-0.1325097382068634,0.49518534355761035,0.8617795581414671,-0.11393675208091736,0.5631651090946822,0.8583617561332786,-0.10445128381252289,0.7625900200464708,0.34067135081457645,-0.1306404024362564,0.5928013890183393,0.8526550499080366,-0.14764659106731415,0.6593492475448639,0.9468289065117368,-0.1193196028470993,0.7193783276383532,0.855331083802393,-0.10476568341255188,0.8775729841168789,0.508792644467692,-0.1537194401025772,0.7341644099805427,0.9136070967327898,-0.16708910465240479,0.7654225679940899,0.9999953607441313,-0.15018028020858765,0.8142328664196756,0.9336232219159395,-0.13944974541664124
0.9999967003582152,0.8775353192680565,-9.970312075946453e-11,0.7778683911492451,0.917707051682667,-0.00705738877877593,0.5906123447094763,0.8583040141790085,-0.04391499236226082,0.49086009053606333,0.8252057853491559,-0.07974781095981598,0.42826230395489506,0.8348872677214499,-0.11506690829992294,0.5674262529485834,0.2936393303670782,-0.1065552830696106,0.32332080691212683,0.14966718004210194,-0.15190164744853973,0.14620094387204846,0.07276989988196136,-0.1739587038755417,0.0,0.0,-0.1886167675256729,0.6889916178531008,0.24773604154001616,-0.12612482905387878,0.46891815835036627,0.7022587006997322,-0.15412317216396332,0.565835357152858,0.8732800955562369,-0.13260182738304138,0.6520936131261826,0.81887494580481,-0.12084966897964478,0.8130081305264556,0.3587692902994528,-0.14396987855434418,0.6347552287078913,0.8908899152188245,-0.16542087495326996,0.7205402870938112,0.9693934159178266,-0.1332579404115677,0.7866258899738291,0.8381470026920014,-0.11596939712762833,0.9209837170043401,0.5293737629134139,-0.1636905074119568,0.7676824492335059,0.9405028443196864,-0.1806095987558365,0.8176069581184259,0.9999954267443489,-0.16242927312850952,0.8782507887432915,0.8887839059047399,-0.1504630595445633
0.9999968515336868,0.8919897980679874,1.3887317684702083e-10,0.7776198812732326,0.9524460203421762,-0.008129742927849293,0.5899392124017264,0.9042436508010169,-0.045762334018945694,0.47629712455139184,0.8849791479755205,-0.08316974341869354,0.39137895623468216,0.8915637586726611,-0.12023098766803741,0.5584206122525642,0.308478201303021,-0.10324519872665405,0.3124333574365118,0.14365613941001376,-0.1471000611782074,0.1406102303332635,0.0636637736669462,-0.16587574779987335,0.0,0.0,-0.17804355919361115,0.6816286448850903,0.24471650990594657,-0.12534505128860474,0.4425721679694556,0.6717029188287129,-0.14948759973049164,0.5316664058360947,0.8876266877673589,-0.12288682907819748,0.623616690189966,0.8820352611461415,-0.10747778415679932,0.8049545300173852,0.35249358276542486,-0.1469752937555313,0.6003674696623219,0.8426544360892118,-0.16812998056411743,0.678553032434913,0.9664517574441758,-0.1342214047908783,0.7517829726575115,0.877344677642104,-0.11532382667064667,0.9134368177385098,0.5306930871331386,-0.17075324058532715,0.7399842109290629,0.9062999231337101,-0.190110445022583,0.7763781137716874,0.9999956482465997,-0.17188405990600586,0.8360966777548654,0.92854436726405,-0.15895071625709534
0.9999967223554799,0.9148412509602935,-1.6922356849136122e-09,0.7897048430901641,0.9922730342629773,-0.012537837028503418,0.594089401616083,0.9534162363684475,-0.04932831972837448,0.47787527811617214,0.9430971702272345,-0.08538802713155746,0.3949447304857183,0.9576405198062755,-0.12092147767543793,0.5499463870710553,0.3179200914597643,-0.09787846356630325,0.3110703849881453,0.1434476027466983,-0.14133505523204803,0.13885413662904175,0.06472180509293281,-0.16194501519203186,0.0,0.0,-0.1757347136735916,0.6741268209885848,0.24035390102422613,-0.11733713001012802,0.45503892533552925,0.6884495822560337,-0.14378157258033752,0.5403851344495119,0.8905087201506341,-0.12323667109012604,0.6254984710614027,0.8631491249939423,-0.11156966537237167,0.8031665147589094,0.34002868202487924,-0.13687871396541595,0.6208664181884169,0.8714971630778441,-0.1598934531211853,0.7044957786879839,0.9661416326803726,-0.13186368346214294,0.7757350326815353,0.8355449143866132,-0.11637800186872482,0.92391305608477,0.5120514209790477,-0.1589556783437729,0.7626648681387901,0.9304767276332481,-0.17964565753936768,0.8009165209614325,0.9999953601286011,-0.16520105302333832,0.8575834655560437,0.89129566561676,-0.1548609435558319
0.9999967871333957,0.9206295139121055,-1.6524163148901039e-09,0.7830157036125986,0.9999955199036865,-0.014446559362113476,0.5985763248194,0.9460027362372467,-0.05171496421098709,0.49339014614637755,0.9061749337570841,-0.08696087449789047,0.41196493292060793,0.9141186775304367,-0.12157628685235977,0.5413655532385598,0.32219714459449167,-0.10469638556241989,0.31144852497407993,0.15798438200368628,-0.1508101224899292,0.14073331222086324,0.07335545883807468,-0.1718977838754654,0.0,0.0,-0.18536897003650665,0.6627571864200157,0.23257527618421814,-0.12303368747234344,0.4459710517037941,0.7093823539411996,-0.14856413006782532,0.542365575495429,0.9117030829972329,-0.12418415397405624,0.6287108522645695,0.8697283227404885,-0.11044029146432877,0.7898975113151743,0.3260670092833254,-0.14192283153533936,0.6163438592874814,0.8766296971505467,-0.16471458971500397,0.6993761553894758,0.9795205123168338,-0.13352537155151367,0.7636583214278325,0.8541096054676801,-0.11639076471328735,0.907169558363009,0.48622705527764604,-0.16360653936862946,0.7594561980301918,0.9133181079515571,-0.18454381823539734,0.7984798547590365,0.9955819728724249,-0.1688227355480194,0.8484476462940503,0.9016105122054533,-0.15741361677646637
0.9999967609380935,0.9215539200167263,-4.2275288825166513e-10,0.7869979273380951,0.9999955674143547,-0.011407840065658092,0.6004462333229299,0.9581823208428938,-0.04792391508817673,0.4953583010981438,0.928493864250439,-0.08382952213287354,0.414686870411126,0.9407924996013225,-0.11922010779380798,0.5505948222137115,0.332465138870981,-0.09605259448289871,0.31045594543970756,0.15256457152770853,-0.13798877596855164,0.13972345852669107,0.07110394600987154,-0.15821993350982666,0.0,0.0,-0.1720990389585495,0.6814993498265524,0.23799312518769894,-0.11638744920492172,0.4626866129988195,0.6788509855254286,-0.13855445384979248,0.5450396235860023,0.9037137652852392,-0.11654895544052124,0.6287324923255554,0.8916270204939993,-0.10512863099575043,0.8123978924822285,0.3296065317853157,-0.13687381148338318,0.6221222036686382,0.8393481768544568,-0.15599671006202698,0.6984551196006037,0.9645226570652461,-0.1273328810930252,0.7686131042436052,0.8578238711635283,-0.11283571273088455,0.9291157548569614,0.4910032672327311,-0.15995073318481445,0.7654542052394147,0.8985238996887821,-0.17765505611896515,0.7972179174179036,0.9988626662675322,-0.16238567233085632,0.8522629199041988,0.9166793803341527,-0.1523658037185669
0.9999968944161035,0.9252293487891361,-1.1797220977882716e-09,0.7943934868504292,0.9999954485709991,-0.013999252580106258,0.6097875322423741,0.9490126125540922,-0.04988200590014458,0.49642601659648616,0.9241725529731202,-0.08451972156763077,0.4122074122359418,0.9311939852180496,-0.11882609128952026,0.5516762657848366,0.3206350517576563,-0.09887539595365524,0.31258751654317035,0.14228349721358097,-0.14399991929531097,0.1391046550837599,0.06362633790428493,-0.164780855178833,0.0,0.0,-0.17835259437561035,0.6620175719480605,0.22803045291762952,-0.11743616312742233,0.4530629831814699,0.6796429415039809,-0.14383594691753387,0.545521820768925,0.8843836682739786,-0.12121038883924484,0.627532095935538,0.8473090030946004,-0.10796763747930527,0.7819130024210555,0.3106367270244465,-0.13675425946712494,0.624331406908525,0.8507225987185069,-0.1615387499332428,0.7080515175122163,0.9705783820307378,-0.13294914364814758,0.7681112226198227,0.8533098562457417,-0.1165163442492485,0.89519584749633,0.4698528983110348,-0.15881237387657166,0.7606221545118536,0.8858541757109479,-0.18175296485424042,0.8016235899506606,0.9798447084811687,-0.16840854287147522,0.8489234838264086,0.8900937025020628,-0.15803249180316925
0.9999969988824138,0.9091244247733498,-8.197286738287346e-10,0.7938035381581221,0.9999954677422858,-0.017261704429984093,0.5962068976739551,0.9673763020626712,-0.05241934582591057,0.46304696582996285,0.9633976269585957,-0.08668993413448334,0.3564007087605449,0.9845439285471906,-0.12158048152923584,0.5374627047020524,0.32472113004919917,-0.09551060199737549,0.3002329323166289,0.13728103999449426,-0.1424347162246704,0.1333672543987334,0.062065967398342796,-0.16557517647743225,0.0,0.0,-0.1806344985961914,0.6417552515253238,0.22324222283194106,-0.11389956623315811,0.4346614850046454,0.6469203344171044,-0.1435278207063675,0.5184244480143048,0.853891132194304,-0.12565451860427856,0.5997823620606384,0.8152335814478882,-0.1151077076792717,0.7594591885290628,0.2949216558461981,-0.1338847577571869,0.6078389630468214,0.8128998107917156,-0.16199779510498047,0.6872613895674439,0.9415751559114522,-0.1379166841506958,0.7534579250355249,0.8329135352908322,-0.1236659586429596,0.8794901825773468,0.44610975647530576,-0.15717224776744843,0.7484836147661189,0.8258011942981583,-0.18438826501369476,0.7695997478955171,0.9311007426070067,-0.17546509206295013,0.8066110276096804,0.8521437082459938,-0.16745564341545105
0.9999969772147831,0.8716728969064301,-1.4977420415007714e-09,0.7982340218187913,0.9753102859543147,-0.013468088582158089,0.6097883025202063,0.9599841769856253,-0.049436382949352264,0.4835449978255198,0.9735495350493261,-0.08432181179523468,0.3818913928539975,0.999995361102661,-0.11873770505189896,0.5426138603255396,0.30251949873805595,-0.09817901253700256,0.3069643279892641,0.12266472471478022,-0.14287175238132477,0.13493651549483018,0.06021011868031371,-0.16333290934562683,0.0,0.0,-0.17669998109340668,0.6509884228712909,0.20573536530313022,-0.11760355532169342,0.4387428780689186,0.6231949439349248,-0.14635181427001953,0.5157421015552429,0.8241042812393629,-0.12616875767707825,0.5919840619612659,0.7808863903665789,-0.1136457771062851,0.7662778081053335,0.28842125638075605,-0.1373014897108078,0.6060414447952601,0.8048126117368565,-0.16327564418315887,0.6851557078484792,0.9363409531893515,-0.13408365845680237,0.7506004984678678,0.8194263188985887,-0.11609910428524017,0.8778632165597339,0.4471054754450047,-0.15972666442394257,0.7415886534165909,0.8412998055454625,-0.18297943472862244,0.7778504383482174,0.9395480746948419,-0.16854092478752136,0.8268433597340862,0.8468787425759203,-0.15672695636749268
0.9999970494476853,0.8745884629668882,-2.3931812087596427e-09,0.7813353946194532,0.9795947373262371,-0.007017096970230341,0.595007170092137,0.9542623784460177,-0.04132000729441643,0.4685284676399969,0.9683130548622314,-0.07552456855773926,0.36297859674546934,0.9999955004107086,-0.1094384416937828,0.5439180920892556,0.3076782870257507,-0.09647481888532639,0.3039461509989601,0.13053830547526202,-0.14207723736763,0.13398082083962826,0.0612738306488091,-0.16025665402412415,0.0,0.0,-0.17144514620304108,0.649535495766867,0.21367517314683754,-0.12007780373096466,0.4185591324233018,0.6508514987785465,-0.14741937816143036,0.5157892810018064,0.8472377919178139,-0.12026762217283249,0.5994117496555165,0.7903131014866902,-0.10248793661594391,0.7617716397865741,0.29364256256002713,-0.14444519579410553,0.581286935528869,0.8076959843399427,-0.17132358253002167,0.675040025111663,0.933130646015162,-0.13672161102294922,0.7469014133780301,0.8058041267837536,-0.11473353952169418,0.867166220453333,0.45288619920859235,-0.17102348804473877,0.7205743558392663,0.8333009648824625,-0.19574181735515594,0.7664280603535375,0.9225615614426781,-0.17879296839237213,0.8234937896593492,0.8191777413342741,-0.16454032063484192
